-- phpMyAdmin SQL Dump
-- version 5.2.1
-- https://www.phpmyadmin.net/
--
-- Servidor: 127.0.0.1
-- Tiempo de generación: 16-05-2026 a las 04:24:16
-- Versión del servidor: 10.4.32-MariaDB
-- Versión de PHP: 8.2.12

SET SQL_MODE = "NO_AUTO_VALUE_ON_ZERO";
START TRANSACTION;
SET time_zone = "+00:00";


/*!40101 SET @OLD_CHARACTER_SET_CLIENT=@@CHARACTER_SET_CLIENT */;
/*!40101 SET @OLD_CHARACTER_SET_RESULTS=@@CHARACTER_SET_RESULTS */;
/*!40101 SET @OLD_COLLATION_CONNECTION=@@COLLATION_CONNECTION */;
/*!40101 SET NAMES utf8mb4 */;

--
-- Base de datos: `medical_appointment`
--

-- --------------------------------------------------------

--
-- Estructura de tabla para la tabla `appointments`
--

CREATE TABLE `appointments` (
  `id` bigint(20) UNSIGNED NOT NULL,
  `patient_id` bigint(20) UNSIGNED NOT NULL,
  `doctor_id` bigint(20) UNSIGNED NOT NULL,
  `date` date NOT NULL,
  `start_time` time NOT NULL,
  `end_time` time NOT NULL,
  `duration` int(11) NOT NULL DEFAULT 15,
  `reason` text DEFAULT NULL,
  `status` tinyint(4) NOT NULL DEFAULT 1,
  `created_at` timestamp NULL DEFAULT NULL,
  `updated_at` timestamp NULL DEFAULT NULL
) ENGINE=InnoDB DEFAULT CHARSET=utf8mb4 COLLATE=utf8mb4_unicode_ci;

--
-- Volcado de datos para la tabla `appointments`
--

INSERT INTO `appointments` (`id`, `patient_id`, `doctor_id`, `date`, `start_time`, `end_time`, `duration`, `reason`, `status`, `created_at`, `updated_at`) VALUES
(1, 2, 2, '2026-05-18', '09:45:00', '10:00:00', 15, 'Chequeo general', 2, '2026-05-06 16:38:59', '2026-05-07 06:33:37'),
(2, 2, 8, '2026-05-09', '11:00:00', '11:15:00', 15, 'Dolor de garganta', 1, '2026-05-06 16:38:59', '2026-05-06 16:38:59'),
(3, 1, 6, '2026-05-12', '08:30:00', '08:45:00', 15, 'Seguimiento de tratamiento', 1, '2026-05-06 16:38:59', '2026-05-06 16:38:59'),
(4, 3, 2, '2026-05-21', '11:45:00', '12:00:00', 15, 'Consulta de rutina', 1, '2026-05-06 16:38:59', '2026-05-06 16:38:59'),
(5, 1, 4, '2026-05-09', '10:45:00', '11:00:00', 15, 'Revisión de resultados', 1, '2026-05-06 16:38:59', '2026-05-06 16:38:59'),
(6, 1, 3, '2026-05-13', '11:15:00', '11:30:00', 15, 'Malestar estomacal', 2, '2026-05-06 16:38:59', '2026-05-06 16:43:07'),
(7, 1, 3, '2026-05-17', '11:15:00', '11:30:00', 15, 'Chequeo general', 1, '2026-05-06 16:39:26', '2026-05-06 16:39:26'),
(8, 1, 10, '2026-05-17', '08:30:00', '08:45:00', 15, 'Dolor de garganta', 1, '2026-05-06 16:39:26', '2026-05-06 16:39:26'),
(9, 1, 10, '2026-05-18', '08:30:00', '08:45:00', 15, 'Seguimiento de tratamiento', 1, '2026-05-06 16:39:26', '2026-05-06 16:39:26'),
(10, 1, 8, '2026-05-11', '09:45:00', '10:00:00', 15, 'Consulta de rutina', 1, '2026-05-06 16:39:26', '2026-05-06 16:39:26'),
(11, 1, 7, '2026-05-17', '10:15:00', '10:30:00', 15, 'Revisión de resultados', 1, '2026-05-06 16:39:26', '2026-05-06 16:39:26'),
(12, 3, 8, '2026-05-13', '10:00:00', '10:15:00', 15, 'Malestar estomacal', 1, '2026-05-06 16:39:26', '2026-05-06 16:39:26'),
(13, 1, 1, '2026-05-07', '08:15:00', '08:30:00', 15, 'Esto es una prueba', 1, '2026-05-07 06:31:43', '2026-05-07 06:31:43'),
(14, 1, 4, '2026-03-26', '15:00:00', '15:15:00', 15, 'Consulta de seguimiento', 2, '2026-05-07 06:46:19', '2026-05-07 06:46:19'),
(15, 1, 9, '2026-04-06', '11:45:00', '12:00:00', 15, 'Consulta de seguimiento', 2, '2026-05-07 06:46:19', '2026-05-07 06:46:19'),
(16, 2, 4, '2026-04-27', '15:00:00', '15:15:00', 15, 'Consulta de seguimiento', 2, '2026-05-07 06:46:19', '2026-05-07 06:46:19'),
(17, 2, 6, '2026-03-10', '08:15:00', '08:30:00', 15, 'Consulta de seguimiento', 2, '2026-05-07 06:46:19', '2026-05-07 06:46:19'),
(18, 3, 10, '2026-04-19', '16:45:00', '17:00:00', 15, 'Consulta de seguimiento', 2, '2026-05-07 06:46:19', '2026-05-07 06:46:19'),
(19, 3, 9, '2026-04-17', '15:00:00', '15:15:00', 15, 'Consulta de seguimiento', 2, '2026-05-07 06:46:19', '2026-05-07 06:46:19'),
(20, 1, 1, '2026-05-07', '08:00:00', '08:15:00', 15, 'Esto es una prueba', 1, '2026-05-07 07:09:59', '2026-05-07 07:09:59'),
(21, 1, 1, '2026-05-07', '08:00:00', '08:15:00', 15, 'Esto es un prueba', 1, '2026-05-07 07:22:38', '2026-05-07 07:22:38'),
(22, 5, 1, '2026-05-08', '08:00:00', '08:15:00', 15, 'Prueba1', 1, '2026-05-08 17:00:23', '2026-05-08 17:00:23'),
(23, 5, 1, '2026-05-08', '08:45:00', '09:00:00', 15, 'Prueba 2', 1, '2026-05-08 17:12:00', '2026-05-08 17:12:00'),
(24, 5, 11, '2026-05-08', '08:00:00', '08:15:00', 15, 'Prueba 3', 1, '2026-05-08 17:22:51', '2026-05-08 17:22:51'),
(25, 5, 11, '2026-05-08', '08:15:00', '08:30:00', 15, 'Prueba 4', 1, '2026-05-08 17:46:04', '2026-05-08 17:46:04'),
(26, 5, 11, '2026-05-08', '08:30:00', '08:45:00', 15, 'Prueba 05', 1, '2026-05-08 18:01:39', '2026-05-08 18:01:39'),
(27, 5, 11, '2026-05-08', '08:30:00', '08:45:00', 15, 'Prueba 06', 1, '2026-05-08 18:09:24', '2026-05-08 18:09:24'),
(28, 5, 11, '2026-05-08', '08:45:00', '09:00:00', 15, 'Prueba 7', 1, '2026-05-08 18:14:24', '2026-05-08 18:14:24'),
(29, 1, 1, '2026-05-09', '10:00:00', '10:30:00', 30, 'Prueba de Recordatorio 24h', 1, '2026-05-08 18:23:21', '2026-05-08 18:23:21'),
(30, 1, 1, '2026-05-08', '11:00:00', '11:30:00', 30, 'Cita de Hoy (Reporte)', 1, '2026-05-08 18:24:58', '2026-05-08 18:24:58'),
(31, 1, 1, '2026-05-09', '12:00:00', '12:30:00', 30, 'Cita de Mañana (Recordatorio)', 1, '2026-05-08 18:24:58', '2026-05-08 18:24:58'),
(32, 5, 11, '2026-05-08', '08:45:00', '09:00:00', 15, 'Prueba 07', 1, '2026-05-08 18:46:31', '2026-05-08 18:46:31'),
(33, 5, 11, '2026-05-15', '08:45:00', '09:00:00', 15, 'Prueba jaja', 1, '2026-05-08 18:51:57', '2026-05-08 18:51:57'),
(34, 5, 11, '2026-05-09', '08:45:00', '09:00:00', 15, 'Dolor de espalda', 1, '2026-05-08 18:57:31', '2026-05-08 18:57:31'),
(35, 5, 11, '2026-05-09', '08:45:00', '09:00:00', 15, 'Prueba Whatsapp', 1, '2026-05-09 18:08:31', '2026-05-09 18:08:31'),
(36, 5, 11, '2026-05-09', '08:45:00', '09:00:00', 15, 'Prueba Whatsapp', 1, '2026-05-09 18:17:52', '2026-05-09 18:17:52');

-- --------------------------------------------------------

--
-- Estructura de tabla para la tabla `blood_types`
--

CREATE TABLE `blood_types` (
  `id` bigint(20) UNSIGNED NOT NULL,
  `name` varchar(255) NOT NULL,
  `created_at` timestamp NULL DEFAULT NULL,
  `updated_at` timestamp NULL DEFAULT NULL
) ENGINE=InnoDB DEFAULT CHARSET=utf8mb4 COLLATE=utf8mb4_unicode_ci;

--
-- Volcado de datos para la tabla `blood_types`
--

INSERT INTO `blood_types` (`id`, `name`, `created_at`, `updated_at`) VALUES
(1, 'A+', '2026-03-25 16:28:28', '2026-03-25 16:28:28'),
(2, 'A-', '2026-03-25 16:28:28', '2026-03-25 16:28:28'),
(3, 'B+', '2026-03-25 16:28:28', '2026-03-25 16:28:28'),
(4, 'B-', '2026-03-25 16:28:28', '2026-03-25 16:28:28'),
(5, 'AB+', '2026-03-25 16:28:28', '2026-03-25 16:28:28'),
(6, 'AB-', '2026-03-25 16:28:28', '2026-03-25 16:28:28'),
(7, 'O+', '2026-03-25 16:28:28', '2026-03-25 16:28:28'),
(8, 'O-', '2026-03-25 16:28:28', '2026-03-25 16:28:28');

-- --------------------------------------------------------

--
-- Estructura de tabla para la tabla `cache`
--

CREATE TABLE `cache` (
  `key` varchar(255) NOT NULL,
  `value` mediumtext NOT NULL,
  `expiration` int(11) NOT NULL
) ENGINE=InnoDB DEFAULT CHARSET=utf8mb4 COLLATE=utf8mb4_unicode_ci;

--
-- Volcado de datos para la tabla `cache`
--

INSERT INTO `cache` (`key`, `value`, `expiration`) VALUES
('healthify-cache-10440ad6b670f7a1a7055ef36a42241e', 'i:1;', 1778896161),
('healthify-cache-10440ad6b670f7a1a7055ef36a42241e:timer', 'i:1778896161;', 1778896161),
('healthify-cache-15d8671e881778a1c15d7a56c24870f3', 'i:1;', 1778896147),
('healthify-cache-15d8671e881778a1c15d7a56c24870f3:timer', 'i:1778896147;', 1778896147),
('healthify-cache-test@gmail.com|127.0.0.1', 'i:1;', 1778896148),
('healthify-cache-test@gmail.com|127.0.0.1:timer', 'i:1778896148;', 1778896148);

-- --------------------------------------------------------

--
-- Estructura de tabla para la tabla `cache_locks`
--

CREATE TABLE `cache_locks` (
  `key` varchar(255) NOT NULL,
  `owner` varchar(255) NOT NULL,
  `expiration` int(11) NOT NULL
) ENGINE=InnoDB DEFAULT CHARSET=utf8mb4 COLLATE=utf8mb4_unicode_ci;

-- --------------------------------------------------------

--
-- Estructura de tabla para la tabla `consultations`
--

CREATE TABLE `consultations` (
  `id` bigint(20) UNSIGNED NOT NULL,
  `appointment_id` bigint(20) UNSIGNED NOT NULL,
  `diagnosis` text DEFAULT NULL,
  `treatment` text DEFAULT NULL,
  `notes` text DEFAULT NULL,
  `created_at` timestamp NULL DEFAULT NULL,
  `updated_at` timestamp NULL DEFAULT NULL
) ENGINE=InnoDB DEFAULT CHARSET=utf8mb4 COLLATE=utf8mb4_unicode_ci;

--
-- Volcado de datos para la tabla `consultations`
--

INSERT INTO `consultations` (`id`, `appointment_id`, `diagnosis`, `treatment`, `notes`, `created_at`, `updated_at`) VALUES
(1, 6, '', '', '', '2026-05-06 16:43:07', '2026-05-06 16:43:07'),
(2, 1, 'Prueba', 'Hola', 'No sé', '2026-05-07 06:33:37', '2026-05-07 06:37:09'),
(3, 14, 'Gastritis aguda', 'Dieta blanda y antiácidos según necesidad.', 'Paciente refiere cumplir con el tratamiento anterior.', '2026-05-07 06:46:19', '2026-05-07 06:46:19'),
(4, 15, 'Infección respiratoria leve', 'Continuar con medicación habitual y control en un mes.', 'Paciente muestra mejoría desde la última visita.', '2026-05-07 06:46:19', '2026-05-07 06:46:19'),
(5, 16, 'Faringitis viral', 'Aplicar crema antihistamínica cada 12 horas.', 'Paciente muestra mejoría desde la última visita.', '2026-05-07 06:46:19', '2026-05-07 06:46:19'),
(6, 17, 'Faringitis viral', 'Dieta blanda y antiácidos según necesidad.', 'Paciente refiere cumplir con el tratamiento anterior.', '2026-05-07 06:46:19', '2026-05-07 06:46:19'),
(7, 18, 'Faringitis viral', 'Reposo por 3 días y abundante líquido.', 'Paciente muestra mejoría desde la última visita.', '2026-05-07 06:46:19', '2026-05-07 06:46:19'),
(8, 19, 'Faringitis viral', 'Gárgaras de agua con sal y analgésicos.', 'Se recomienda realizar exámenes de laboratorio.', '2026-05-07 06:46:19', '2026-05-07 06:46:19');

-- --------------------------------------------------------

--
-- Estructura de tabla para la tabla `doctors`
--

CREATE TABLE `doctors` (
  `id` bigint(20) UNSIGNED NOT NULL,
  `user_id` bigint(20) UNSIGNED NOT NULL,
  `specialty` varchar(255) DEFAULT NULL,
  `created_at` timestamp NULL DEFAULT NULL,
  `updated_at` timestamp NULL DEFAULT NULL
) ENGINE=InnoDB DEFAULT CHARSET=utf8mb4 COLLATE=utf8mb4_unicode_ci;

--
-- Volcado de datos para la tabla `doctors`
--

INSERT INTO `doctors` (`id`, `user_id`, `specialty`, `created_at`, `updated_at`) VALUES
(1, 5, 'Cardiología', '2026-05-06 16:14:03', '2026-05-06 16:14:03'),
(2, 6, 'Dermatología', '2026-05-06 16:14:03', '2026-05-06 16:14:03'),
(3, 7, 'Endocrinología', '2026-05-06 16:14:04', '2026-05-06 16:14:04'),
(4, 8, 'Pediatría', '2026-05-06 16:14:04', '2026-05-06 16:14:04'),
(5, 9, 'Ginecología', '2026-05-06 16:14:04', '2026-05-06 16:14:04'),
(6, 10, 'Ginecología', '2026-05-06 16:14:38', '2026-05-06 16:14:38'),
(7, 11, 'Geriatría', '2026-05-06 16:14:38', '2026-05-06 16:14:38'),
(8, 12, 'Hematología', '2026-05-06 16:14:39', '2026-05-06 16:14:39'),
(9, 13, 'Endocrinología', '2026-05-06 16:14:39', '2026-05-06 16:14:39'),
(10, 14, 'Cardiología', '2026-05-06 16:14:39', '2026-05-06 16:14:39'),
(11, 15, 'Medicina General', '2026-05-08 16:49:14', '2026-05-08 16:49:14');

-- --------------------------------------------------------

--
-- Estructura de tabla para la tabla `doctor_schedules`
--

CREATE TABLE `doctor_schedules` (
  `id` bigint(20) UNSIGNED NOT NULL,
  `doctor_id` bigint(20) UNSIGNED NOT NULL,
  `day` varchar(255) NOT NULL,
  `start_time` time NOT NULL,
  `end_time` time NOT NULL,
  `created_at` timestamp NULL DEFAULT NULL,
  `updated_at` timestamp NULL DEFAULT NULL
) ENGINE=InnoDB DEFAULT CHARSET=utf8mb4 COLLATE=utf8mb4_unicode_ci;

--
-- Volcado de datos para la tabla `doctor_schedules`
--

INSERT INTO `doctor_schedules` (`id`, `doctor_id`, `day`, `start_time`, `end_time`, `created_at`, `updated_at`) VALUES
(55, 2, 'LUNES', '08:00:00', '08:15:00', '2026-05-06 16:39:19', '2026-05-06 16:39:19'),
(56, 2, 'LUNES', '08:15:00', '08:30:00', '2026-05-06 16:39:19', '2026-05-06 16:39:19'),
(57, 2, 'LUNES', '08:30:00', '08:45:00', '2026-05-06 16:39:19', '2026-05-06 16:39:19'),
(58, 2, 'LUNES', '08:45:00', '09:00:00', '2026-05-06 16:39:19', '2026-05-06 16:39:19'),
(59, 2, 'LUNES', '09:00:00', '09:15:00', '2026-05-06 16:39:19', '2026-05-06 16:39:19'),
(60, 2, 'LUNES', '09:15:00', '09:30:00', '2026-05-06 16:39:19', '2026-05-06 16:39:19'),
(61, 2, 'LUNES', '09:30:00', '09:45:00', '2026-05-06 16:39:19', '2026-05-06 16:39:19'),
(62, 2, 'LUNES', '09:45:00', '10:00:00', '2026-05-06 16:39:19', '2026-05-06 16:39:19'),
(63, 2, 'LUNES', '10:00:00', '10:15:00', '2026-05-06 16:39:19', '2026-05-06 16:39:19'),
(64, 2, 'LUNES', '10:15:00', '10:30:00', '2026-05-06 16:39:19', '2026-05-06 16:39:19'),
(65, 2, 'LUNES', '10:30:00', '10:45:00', '2026-05-06 16:39:19', '2026-05-06 16:39:19'),
(66, 2, 'LUNES', '10:45:00', '11:00:00', '2026-05-06 16:39:19', '2026-05-06 16:39:19'),
(67, 2, 'LUNES', '11:00:00', '11:15:00', '2026-05-06 16:39:19', '2026-05-06 16:39:19'),
(68, 2, 'LUNES', '11:15:00', '11:30:00', '2026-05-06 16:39:19', '2026-05-06 16:39:19'),
(69, 2, 'LUNES', '11:30:00', '11:45:00', '2026-05-06 16:39:19', '2026-05-06 16:39:19'),
(70, 2, 'LUNES', '11:45:00', '12:00:00', '2026-05-06 16:39:19', '2026-05-06 16:39:19'),
(71, 2, 'MARTES', '08:00:00', '08:15:00', '2026-05-06 16:39:19', '2026-05-06 16:39:19'),
(72, 2, 'MARTES', '08:15:00', '08:30:00', '2026-05-06 16:39:19', '2026-05-06 16:39:19'),
(73, 2, 'MARTES', '08:30:00', '08:45:00', '2026-05-06 16:39:19', '2026-05-06 16:39:19'),
(74, 2, 'MARTES', '08:45:00', '09:00:00', '2026-05-06 16:39:19', '2026-05-06 16:39:19'),
(75, 2, 'MARTES', '09:00:00', '09:15:00', '2026-05-06 16:39:19', '2026-05-06 16:39:19'),
(76, 2, 'MARTES', '09:15:00', '09:30:00', '2026-05-06 16:39:19', '2026-05-06 16:39:19'),
(77, 2, 'MARTES', '09:30:00', '09:45:00', '2026-05-06 16:39:19', '2026-05-06 16:39:19'),
(78, 2, 'MARTES', '09:45:00', '10:00:00', '2026-05-06 16:39:19', '2026-05-06 16:39:19'),
(79, 2, 'MARTES', '10:00:00', '10:15:00', '2026-05-06 16:39:19', '2026-05-06 16:39:19'),
(80, 2, 'MARTES', '10:15:00', '10:30:00', '2026-05-06 16:39:19', '2026-05-06 16:39:19'),
(81, 2, 'MARTES', '10:30:00', '10:45:00', '2026-05-06 16:39:19', '2026-05-06 16:39:19'),
(82, 2, 'MARTES', '10:45:00', '11:00:00', '2026-05-06 16:39:19', '2026-05-06 16:39:19'),
(83, 2, 'MARTES', '11:00:00', '11:15:00', '2026-05-06 16:39:19', '2026-05-06 16:39:19'),
(84, 2, 'MARTES', '11:15:00', '11:30:00', '2026-05-06 16:39:19', '2026-05-06 16:39:19'),
(85, 2, 'MARTES', '11:30:00', '11:45:00', '2026-05-06 16:39:19', '2026-05-06 16:39:19'),
(86, 2, 'MARTES', '11:45:00', '12:00:00', '2026-05-06 16:39:19', '2026-05-06 16:39:19'),
(87, 2, 'MIÉRCOLES', '08:00:00', '08:15:00', '2026-05-06 16:39:19', '2026-05-06 16:39:19'),
(88, 2, 'MIÉRCOLES', '08:15:00', '08:30:00', '2026-05-06 16:39:19', '2026-05-06 16:39:19'),
(89, 2, 'MIÉRCOLES', '08:30:00', '08:45:00', '2026-05-06 16:39:19', '2026-05-06 16:39:19'),
(90, 2, 'MIÉRCOLES', '08:45:00', '09:00:00', '2026-05-06 16:39:19', '2026-05-06 16:39:19'),
(91, 2, 'MIÉRCOLES', '09:00:00', '09:15:00', '2026-05-06 16:39:19', '2026-05-06 16:39:19'),
(92, 2, 'MIÉRCOLES', '09:15:00', '09:30:00', '2026-05-06 16:39:19', '2026-05-06 16:39:19'),
(93, 2, 'MIÉRCOLES', '09:30:00', '09:45:00', '2026-05-06 16:39:19', '2026-05-06 16:39:19'),
(94, 2, 'MIÉRCOLES', '09:45:00', '10:00:00', '2026-05-06 16:39:19', '2026-05-06 16:39:19'),
(95, 2, 'MIÉRCOLES', '10:00:00', '10:15:00', '2026-05-06 16:39:19', '2026-05-06 16:39:19'),
(96, 2, 'MIÉRCOLES', '10:15:00', '10:30:00', '2026-05-06 16:39:19', '2026-05-06 16:39:19'),
(97, 2, 'MIÉRCOLES', '10:30:00', '10:45:00', '2026-05-06 16:39:19', '2026-05-06 16:39:19'),
(98, 2, 'MIÉRCOLES', '10:45:00', '11:00:00', '2026-05-06 16:39:19', '2026-05-06 16:39:19'),
(99, 2, 'MIÉRCOLES', '11:00:00', '11:15:00', '2026-05-06 16:39:19', '2026-05-06 16:39:19'),
(100, 2, 'MIÉRCOLES', '11:15:00', '11:30:00', '2026-05-06 16:39:19', '2026-05-06 16:39:19'),
(101, 2, 'MIÉRCOLES', '11:30:00', '11:45:00', '2026-05-06 16:39:19', '2026-05-06 16:39:19'),
(102, 2, 'MIÉRCOLES', '11:45:00', '12:00:00', '2026-05-06 16:39:19', '2026-05-06 16:39:19'),
(103, 3, 'LUNES', '08:00:00', '08:15:00', '2026-05-06 16:39:19', '2026-05-06 16:39:19'),
(104, 3, 'LUNES', '08:15:00', '08:30:00', '2026-05-06 16:39:19', '2026-05-06 16:39:19'),
(105, 3, 'LUNES', '08:30:00', '08:45:00', '2026-05-06 16:39:19', '2026-05-06 16:39:19'),
(106, 3, 'LUNES', '08:45:00', '09:00:00', '2026-05-06 16:39:19', '2026-05-06 16:39:19'),
(107, 3, 'LUNES', '09:00:00', '09:15:00', '2026-05-06 16:39:19', '2026-05-06 16:39:19'),
(108, 3, 'LUNES', '09:15:00', '09:30:00', '2026-05-06 16:39:19', '2026-05-06 16:39:19'),
(109, 3, 'LUNES', '09:30:00', '09:45:00', '2026-05-06 16:39:19', '2026-05-06 16:39:19'),
(110, 3, 'LUNES', '09:45:00', '10:00:00', '2026-05-06 16:39:19', '2026-05-06 16:39:19'),
(111, 3, 'LUNES', '10:00:00', '10:15:00', '2026-05-06 16:39:19', '2026-05-06 16:39:19'),
(112, 3, 'LUNES', '10:15:00', '10:30:00', '2026-05-06 16:39:19', '2026-05-06 16:39:19'),
(113, 3, 'LUNES', '10:30:00', '10:45:00', '2026-05-06 16:39:19', '2026-05-06 16:39:19'),
(114, 3, 'LUNES', '10:45:00', '11:00:00', '2026-05-06 16:39:19', '2026-05-06 16:39:19'),
(115, 3, 'LUNES', '11:00:00', '11:15:00', '2026-05-06 16:39:19', '2026-05-06 16:39:19'),
(116, 3, 'LUNES', '11:15:00', '11:30:00', '2026-05-06 16:39:19', '2026-05-06 16:39:19'),
(117, 3, 'LUNES', '11:30:00', '11:45:00', '2026-05-06 16:39:19', '2026-05-06 16:39:19'),
(118, 3, 'LUNES', '11:45:00', '12:00:00', '2026-05-06 16:39:19', '2026-05-06 16:39:19'),
(119, 3, 'MARTES', '08:00:00', '08:15:00', '2026-05-06 16:39:19', '2026-05-06 16:39:19'),
(120, 3, 'MARTES', '08:15:00', '08:30:00', '2026-05-06 16:39:19', '2026-05-06 16:39:19'),
(121, 3, 'MARTES', '08:30:00', '08:45:00', '2026-05-06 16:39:19', '2026-05-06 16:39:19'),
(122, 3, 'MARTES', '08:45:00', '09:00:00', '2026-05-06 16:39:19', '2026-05-06 16:39:19'),
(123, 3, 'MARTES', '09:00:00', '09:15:00', '2026-05-06 16:39:19', '2026-05-06 16:39:19'),
(124, 3, 'MARTES', '09:15:00', '09:30:00', '2026-05-06 16:39:19', '2026-05-06 16:39:19'),
(125, 3, 'MARTES', '09:30:00', '09:45:00', '2026-05-06 16:39:19', '2026-05-06 16:39:19'),
(126, 3, 'MARTES', '09:45:00', '10:00:00', '2026-05-06 16:39:19', '2026-05-06 16:39:19'),
(127, 3, 'MARTES', '10:00:00', '10:15:00', '2026-05-06 16:39:19', '2026-05-06 16:39:19'),
(128, 3, 'MARTES', '10:15:00', '10:30:00', '2026-05-06 16:39:19', '2026-05-06 16:39:19'),
(129, 3, 'MARTES', '10:30:00', '10:45:00', '2026-05-06 16:39:19', '2026-05-06 16:39:19'),
(130, 3, 'MARTES', '10:45:00', '11:00:00', '2026-05-06 16:39:19', '2026-05-06 16:39:19'),
(131, 3, 'MARTES', '11:00:00', '11:15:00', '2026-05-06 16:39:19', '2026-05-06 16:39:19'),
(132, 3, 'MARTES', '11:15:00', '11:30:00', '2026-05-06 16:39:19', '2026-05-06 16:39:19'),
(133, 3, 'MARTES', '11:30:00', '11:45:00', '2026-05-06 16:39:19', '2026-05-06 16:39:19'),
(134, 3, 'MARTES', '11:45:00', '12:00:00', '2026-05-06 16:39:19', '2026-05-06 16:39:19'),
(135, 3, 'MIÉRCOLES', '08:00:00', '08:15:00', '2026-05-06 16:39:19', '2026-05-06 16:39:19'),
(136, 3, 'MIÉRCOLES', '08:15:00', '08:30:00', '2026-05-06 16:39:19', '2026-05-06 16:39:19'),
(137, 3, 'MIÉRCOLES', '08:30:00', '08:45:00', '2026-05-06 16:39:19', '2026-05-06 16:39:19'),
(138, 3, 'MIÉRCOLES', '08:45:00', '09:00:00', '2026-05-06 16:39:19', '2026-05-06 16:39:19'),
(139, 3, 'MIÉRCOLES', '09:00:00', '09:15:00', '2026-05-06 16:39:19', '2026-05-06 16:39:19'),
(140, 3, 'MIÉRCOLES', '09:15:00', '09:30:00', '2026-05-06 16:39:19', '2026-05-06 16:39:19'),
(141, 3, 'MIÉRCOLES', '09:30:00', '09:45:00', '2026-05-06 16:39:19', '2026-05-06 16:39:19'),
(142, 3, 'MIÉRCOLES', '09:45:00', '10:00:00', '2026-05-06 16:39:19', '2026-05-06 16:39:19'),
(143, 3, 'MIÉRCOLES', '10:00:00', '10:15:00', '2026-05-06 16:39:19', '2026-05-06 16:39:19'),
(144, 3, 'MIÉRCOLES', '10:15:00', '10:30:00', '2026-05-06 16:39:19', '2026-05-06 16:39:19'),
(145, 3, 'MIÉRCOLES', '10:30:00', '10:45:00', '2026-05-06 16:39:19', '2026-05-06 16:39:19'),
(146, 3, 'MIÉRCOLES', '10:45:00', '11:00:00', '2026-05-06 16:39:19', '2026-05-06 16:39:19'),
(147, 3, 'MIÉRCOLES', '11:00:00', '11:15:00', '2026-05-06 16:39:19', '2026-05-06 16:39:19'),
(148, 3, 'MIÉRCOLES', '11:15:00', '11:30:00', '2026-05-06 16:39:19', '2026-05-06 16:39:19'),
(149, 3, 'MIÉRCOLES', '11:30:00', '11:45:00', '2026-05-06 16:39:19', '2026-05-06 16:39:19'),
(150, 3, 'MIÉRCOLES', '11:45:00', '12:00:00', '2026-05-06 16:39:19', '2026-05-06 16:39:19'),
(151, 4, 'LUNES', '08:00:00', '08:15:00', '2026-05-06 16:39:20', '2026-05-06 16:39:20'),
(152, 4, 'LUNES', '08:15:00', '08:30:00', '2026-05-06 16:39:20', '2026-05-06 16:39:20'),
(153, 4, 'LUNES', '08:30:00', '08:45:00', '2026-05-06 16:39:20', '2026-05-06 16:39:20'),
(154, 4, 'LUNES', '08:45:00', '09:00:00', '2026-05-06 16:39:20', '2026-05-06 16:39:20'),
(155, 4, 'LUNES', '09:00:00', '09:15:00', '2026-05-06 16:39:20', '2026-05-06 16:39:20'),
(156, 4, 'LUNES', '09:15:00', '09:30:00', '2026-05-06 16:39:20', '2026-05-06 16:39:20'),
(157, 4, 'LUNES', '09:30:00', '09:45:00', '2026-05-06 16:39:20', '2026-05-06 16:39:20'),
(158, 4, 'LUNES', '09:45:00', '10:00:00', '2026-05-06 16:39:20', '2026-05-06 16:39:20'),
(159, 4, 'LUNES', '10:00:00', '10:15:00', '2026-05-06 16:39:20', '2026-05-06 16:39:20'),
(160, 4, 'LUNES', '10:15:00', '10:30:00', '2026-05-06 16:39:20', '2026-05-06 16:39:20'),
(161, 4, 'LUNES', '10:30:00', '10:45:00', '2026-05-06 16:39:20', '2026-05-06 16:39:20'),
(162, 4, 'LUNES', '10:45:00', '11:00:00', '2026-05-06 16:39:20', '2026-05-06 16:39:20'),
(163, 4, 'LUNES', '11:00:00', '11:15:00', '2026-05-06 16:39:20', '2026-05-06 16:39:20'),
(164, 4, 'LUNES', '11:15:00', '11:30:00', '2026-05-06 16:39:20', '2026-05-06 16:39:20'),
(165, 4, 'LUNES', '11:30:00', '11:45:00', '2026-05-06 16:39:20', '2026-05-06 16:39:20'),
(166, 4, 'LUNES', '11:45:00', '12:00:00', '2026-05-06 16:39:20', '2026-05-06 16:39:20'),
(167, 4, 'MARTES', '08:00:00', '08:15:00', '2026-05-06 16:39:20', '2026-05-06 16:39:20'),
(168, 4, 'MARTES', '08:15:00', '08:30:00', '2026-05-06 16:39:20', '2026-05-06 16:39:20'),
(169, 4, 'MARTES', '08:30:00', '08:45:00', '2026-05-06 16:39:20', '2026-05-06 16:39:20'),
(170, 4, 'MARTES', '08:45:00', '09:00:00', '2026-05-06 16:39:20', '2026-05-06 16:39:20'),
(171, 4, 'MARTES', '09:00:00', '09:15:00', '2026-05-06 16:39:20', '2026-05-06 16:39:20'),
(172, 4, 'MARTES', '09:15:00', '09:30:00', '2026-05-06 16:39:20', '2026-05-06 16:39:20'),
(173, 4, 'MARTES', '09:30:00', '09:45:00', '2026-05-06 16:39:20', '2026-05-06 16:39:20'),
(174, 4, 'MARTES', '09:45:00', '10:00:00', '2026-05-06 16:39:20', '2026-05-06 16:39:20'),
(175, 4, 'MARTES', '10:00:00', '10:15:00', '2026-05-06 16:39:20', '2026-05-06 16:39:20'),
(176, 4, 'MARTES', '10:15:00', '10:30:00', '2026-05-06 16:39:20', '2026-05-06 16:39:20'),
(177, 4, 'MARTES', '10:30:00', '10:45:00', '2026-05-06 16:39:20', '2026-05-06 16:39:20'),
(178, 4, 'MARTES', '10:45:00', '11:00:00', '2026-05-06 16:39:20', '2026-05-06 16:39:20'),
(179, 4, 'MARTES', '11:00:00', '11:15:00', '2026-05-06 16:39:20', '2026-05-06 16:39:20'),
(180, 4, 'MARTES', '11:15:00', '11:30:00', '2026-05-06 16:39:20', '2026-05-06 16:39:20'),
(181, 4, 'MARTES', '11:30:00', '11:45:00', '2026-05-06 16:39:20', '2026-05-06 16:39:20'),
(182, 4, 'MARTES', '11:45:00', '12:00:00', '2026-05-06 16:39:20', '2026-05-06 16:39:20'),
(183, 4, 'MIÉRCOLES', '08:00:00', '08:15:00', '2026-05-06 16:39:20', '2026-05-06 16:39:20'),
(184, 4, 'MIÉRCOLES', '08:15:00', '08:30:00', '2026-05-06 16:39:20', '2026-05-06 16:39:20'),
(185, 4, 'MIÉRCOLES', '08:30:00', '08:45:00', '2026-05-06 16:39:20', '2026-05-06 16:39:20'),
(186, 4, 'MIÉRCOLES', '08:45:00', '09:00:00', '2026-05-06 16:39:20', '2026-05-06 16:39:20'),
(187, 4, 'MIÉRCOLES', '09:00:00', '09:15:00', '2026-05-06 16:39:20', '2026-05-06 16:39:20'),
(188, 4, 'MIÉRCOLES', '09:15:00', '09:30:00', '2026-05-06 16:39:20', '2026-05-06 16:39:20'),
(189, 4, 'MIÉRCOLES', '09:30:00', '09:45:00', '2026-05-06 16:39:20', '2026-05-06 16:39:20'),
(190, 4, 'MIÉRCOLES', '09:45:00', '10:00:00', '2026-05-06 16:39:20', '2026-05-06 16:39:20'),
(191, 4, 'MIÉRCOLES', '10:00:00', '10:15:00', '2026-05-06 16:39:20', '2026-05-06 16:39:20'),
(192, 4, 'MIÉRCOLES', '10:15:00', '10:30:00', '2026-05-06 16:39:20', '2026-05-06 16:39:20'),
(193, 4, 'MIÉRCOLES', '10:30:00', '10:45:00', '2026-05-06 16:39:20', '2026-05-06 16:39:20'),
(194, 4, 'MIÉRCOLES', '10:45:00', '11:00:00', '2026-05-06 16:39:20', '2026-05-06 16:39:20'),
(195, 4, 'MIÉRCOLES', '11:00:00', '11:15:00', '2026-05-06 16:39:20', '2026-05-06 16:39:20'),
(196, 4, 'MIÉRCOLES', '11:15:00', '11:30:00', '2026-05-06 16:39:20', '2026-05-06 16:39:20'),
(197, 4, 'MIÉRCOLES', '11:30:00', '11:45:00', '2026-05-06 16:39:20', '2026-05-06 16:39:20'),
(198, 4, 'MIÉRCOLES', '11:45:00', '12:00:00', '2026-05-06 16:39:20', '2026-05-06 16:39:20'),
(199, 5, 'LUNES', '08:00:00', '08:15:00', '2026-05-06 16:39:20', '2026-05-06 16:39:20'),
(200, 5, 'LUNES', '08:15:00', '08:30:00', '2026-05-06 16:39:20', '2026-05-06 16:39:20'),
(201, 5, 'LUNES', '08:30:00', '08:45:00', '2026-05-06 16:39:20', '2026-05-06 16:39:20'),
(202, 5, 'LUNES', '08:45:00', '09:00:00', '2026-05-06 16:39:20', '2026-05-06 16:39:20'),
(203, 5, 'LUNES', '09:00:00', '09:15:00', '2026-05-06 16:39:20', '2026-05-06 16:39:20'),
(204, 5, 'LUNES', '09:15:00', '09:30:00', '2026-05-06 16:39:20', '2026-05-06 16:39:20'),
(205, 5, 'LUNES', '09:30:00', '09:45:00', '2026-05-06 16:39:20', '2026-05-06 16:39:20'),
(206, 5, 'LUNES', '09:45:00', '10:00:00', '2026-05-06 16:39:20', '2026-05-06 16:39:20'),
(207, 5, 'LUNES', '10:00:00', '10:15:00', '2026-05-06 16:39:20', '2026-05-06 16:39:20'),
(208, 5, 'LUNES', '10:15:00', '10:30:00', '2026-05-06 16:39:20', '2026-05-06 16:39:20'),
(209, 5, 'LUNES', '10:30:00', '10:45:00', '2026-05-06 16:39:20', '2026-05-06 16:39:20'),
(210, 5, 'LUNES', '10:45:00', '11:00:00', '2026-05-06 16:39:20', '2026-05-06 16:39:20'),
(211, 5, 'LUNES', '11:00:00', '11:15:00', '2026-05-06 16:39:20', '2026-05-06 16:39:20'),
(212, 5, 'LUNES', '11:15:00', '11:30:00', '2026-05-06 16:39:20', '2026-05-06 16:39:20'),
(213, 5, 'LUNES', '11:30:00', '11:45:00', '2026-05-06 16:39:20', '2026-05-06 16:39:20'),
(214, 5, 'LUNES', '11:45:00', '12:00:00', '2026-05-06 16:39:20', '2026-05-06 16:39:20'),
(215, 5, 'MARTES', '08:00:00', '08:15:00', '2026-05-06 16:39:20', '2026-05-06 16:39:20'),
(216, 5, 'MARTES', '08:15:00', '08:30:00', '2026-05-06 16:39:20', '2026-05-06 16:39:20'),
(217, 5, 'MARTES', '08:30:00', '08:45:00', '2026-05-06 16:39:20', '2026-05-06 16:39:20'),
(218, 5, 'MARTES', '08:45:00', '09:00:00', '2026-05-06 16:39:20', '2026-05-06 16:39:20'),
(219, 5, 'MARTES', '09:00:00', '09:15:00', '2026-05-06 16:39:20', '2026-05-06 16:39:20'),
(220, 5, 'MARTES', '09:15:00', '09:30:00', '2026-05-06 16:39:20', '2026-05-06 16:39:20'),
(221, 5, 'MARTES', '09:30:00', '09:45:00', '2026-05-06 16:39:20', '2026-05-06 16:39:20'),
(222, 5, 'MARTES', '09:45:00', '10:00:00', '2026-05-06 16:39:20', '2026-05-06 16:39:20'),
(223, 5, 'MARTES', '10:00:00', '10:15:00', '2026-05-06 16:39:20', '2026-05-06 16:39:20'),
(224, 5, 'MARTES', '10:15:00', '10:30:00', '2026-05-06 16:39:20', '2026-05-06 16:39:20'),
(225, 5, 'MARTES', '10:30:00', '10:45:00', '2026-05-06 16:39:20', '2026-05-06 16:39:20'),
(226, 5, 'MARTES', '10:45:00', '11:00:00', '2026-05-06 16:39:20', '2026-05-06 16:39:20'),
(227, 5, 'MARTES', '11:00:00', '11:15:00', '2026-05-06 16:39:20', '2026-05-06 16:39:20'),
(228, 5, 'MARTES', '11:15:00', '11:30:00', '2026-05-06 16:39:20', '2026-05-06 16:39:20'),
(229, 5, 'MARTES', '11:30:00', '11:45:00', '2026-05-06 16:39:20', '2026-05-06 16:39:20'),
(230, 5, 'MARTES', '11:45:00', '12:00:00', '2026-05-06 16:39:20', '2026-05-06 16:39:20'),
(231, 5, 'MIÉRCOLES', '08:00:00', '08:15:00', '2026-05-06 16:39:20', '2026-05-06 16:39:20'),
(232, 5, 'MIÉRCOLES', '08:15:00', '08:30:00', '2026-05-06 16:39:20', '2026-05-06 16:39:20'),
(233, 5, 'MIÉRCOLES', '08:30:00', '08:45:00', '2026-05-06 16:39:20', '2026-05-06 16:39:20'),
(234, 5, 'MIÉRCOLES', '08:45:00', '09:00:00', '2026-05-06 16:39:20', '2026-05-06 16:39:20'),
(235, 5, 'MIÉRCOLES', '09:00:00', '09:15:00', '2026-05-06 16:39:20', '2026-05-06 16:39:20'),
(236, 5, 'MIÉRCOLES', '09:15:00', '09:30:00', '2026-05-06 16:39:20', '2026-05-06 16:39:20'),
(237, 5, 'MIÉRCOLES', '09:30:00', '09:45:00', '2026-05-06 16:39:20', '2026-05-06 16:39:20'),
(238, 5, 'MIÉRCOLES', '09:45:00', '10:00:00', '2026-05-06 16:39:20', '2026-05-06 16:39:20'),
(239, 5, 'MIÉRCOLES', '10:00:00', '10:15:00', '2026-05-06 16:39:20', '2026-05-06 16:39:20'),
(240, 5, 'MIÉRCOLES', '10:15:00', '10:30:00', '2026-05-06 16:39:20', '2026-05-06 16:39:20'),
(241, 5, 'MIÉRCOLES', '10:30:00', '10:45:00', '2026-05-06 16:39:20', '2026-05-06 16:39:20'),
(242, 5, 'MIÉRCOLES', '10:45:00', '11:00:00', '2026-05-06 16:39:20', '2026-05-06 16:39:20'),
(243, 5, 'MIÉRCOLES', '11:00:00', '11:15:00', '2026-05-06 16:39:20', '2026-05-06 16:39:20'),
(244, 5, 'MIÉRCOLES', '11:15:00', '11:30:00', '2026-05-06 16:39:20', '2026-05-06 16:39:20'),
(245, 5, 'MIÉRCOLES', '11:30:00', '11:45:00', '2026-05-06 16:39:20', '2026-05-06 16:39:20'),
(246, 5, 'MIÉRCOLES', '11:45:00', '12:00:00', '2026-05-06 16:39:20', '2026-05-06 16:39:20'),
(247, 6, 'LUNES', '08:00:00', '08:15:00', '2026-05-06 16:39:21', '2026-05-06 16:39:21'),
(248, 6, 'LUNES', '08:15:00', '08:30:00', '2026-05-06 16:39:21', '2026-05-06 16:39:21'),
(249, 6, 'LUNES', '08:30:00', '08:45:00', '2026-05-06 16:39:21', '2026-05-06 16:39:21'),
(250, 6, 'LUNES', '08:45:00', '09:00:00', '2026-05-06 16:39:21', '2026-05-06 16:39:21'),
(251, 6, 'LUNES', '09:00:00', '09:15:00', '2026-05-06 16:39:21', '2026-05-06 16:39:21'),
(252, 6, 'LUNES', '09:15:00', '09:30:00', '2026-05-06 16:39:21', '2026-05-06 16:39:21'),
(253, 6, 'LUNES', '09:30:00', '09:45:00', '2026-05-06 16:39:21', '2026-05-06 16:39:21'),
(254, 6, 'LUNES', '09:45:00', '10:00:00', '2026-05-06 16:39:21', '2026-05-06 16:39:21'),
(255, 6, 'LUNES', '10:00:00', '10:15:00', '2026-05-06 16:39:21', '2026-05-06 16:39:21'),
(256, 6, 'LUNES', '10:15:00', '10:30:00', '2026-05-06 16:39:21', '2026-05-06 16:39:21'),
(257, 6, 'LUNES', '10:30:00', '10:45:00', '2026-05-06 16:39:21', '2026-05-06 16:39:21'),
(258, 6, 'LUNES', '10:45:00', '11:00:00', '2026-05-06 16:39:21', '2026-05-06 16:39:21'),
(259, 6, 'LUNES', '11:00:00', '11:15:00', '2026-05-06 16:39:21', '2026-05-06 16:39:21'),
(260, 6, 'LUNES', '11:15:00', '11:30:00', '2026-05-06 16:39:21', '2026-05-06 16:39:21'),
(261, 6, 'LUNES', '11:30:00', '11:45:00', '2026-05-06 16:39:21', '2026-05-06 16:39:21'),
(262, 6, 'LUNES', '11:45:00', '12:00:00', '2026-05-06 16:39:21', '2026-05-06 16:39:21'),
(263, 6, 'MARTES', '08:00:00', '08:15:00', '2026-05-06 16:39:21', '2026-05-06 16:39:21'),
(264, 6, 'MARTES', '08:15:00', '08:30:00', '2026-05-06 16:39:21', '2026-05-06 16:39:21'),
(265, 6, 'MARTES', '08:30:00', '08:45:00', '2026-05-06 16:39:21', '2026-05-06 16:39:21'),
(266, 6, 'MARTES', '08:45:00', '09:00:00', '2026-05-06 16:39:21', '2026-05-06 16:39:21'),
(267, 6, 'MARTES', '09:00:00', '09:15:00', '2026-05-06 16:39:21', '2026-05-06 16:39:21'),
(268, 6, 'MARTES', '09:15:00', '09:30:00', '2026-05-06 16:39:21', '2026-05-06 16:39:21'),
(269, 6, 'MARTES', '09:30:00', '09:45:00', '2026-05-06 16:39:21', '2026-05-06 16:39:21'),
(270, 6, 'MARTES', '09:45:00', '10:00:00', '2026-05-06 16:39:21', '2026-05-06 16:39:21'),
(271, 6, 'MARTES', '10:00:00', '10:15:00', '2026-05-06 16:39:21', '2026-05-06 16:39:21'),
(272, 6, 'MARTES', '10:15:00', '10:30:00', '2026-05-06 16:39:21', '2026-05-06 16:39:21'),
(273, 6, 'MARTES', '10:30:00', '10:45:00', '2026-05-06 16:39:21', '2026-05-06 16:39:21'),
(274, 6, 'MARTES', '10:45:00', '11:00:00', '2026-05-06 16:39:21', '2026-05-06 16:39:21'),
(275, 6, 'MARTES', '11:00:00', '11:15:00', '2026-05-06 16:39:21', '2026-05-06 16:39:21'),
(276, 6, 'MARTES', '11:15:00', '11:30:00', '2026-05-06 16:39:21', '2026-05-06 16:39:21'),
(277, 6, 'MARTES', '11:30:00', '11:45:00', '2026-05-06 16:39:21', '2026-05-06 16:39:21'),
(278, 6, 'MARTES', '11:45:00', '12:00:00', '2026-05-06 16:39:21', '2026-05-06 16:39:21'),
(279, 6, 'MIÉRCOLES', '08:00:00', '08:15:00', '2026-05-06 16:39:21', '2026-05-06 16:39:21'),
(280, 6, 'MIÉRCOLES', '08:15:00', '08:30:00', '2026-05-06 16:39:21', '2026-05-06 16:39:21'),
(281, 6, 'MIÉRCOLES', '08:30:00', '08:45:00', '2026-05-06 16:39:21', '2026-05-06 16:39:21'),
(282, 6, 'MIÉRCOLES', '08:45:00', '09:00:00', '2026-05-06 16:39:21', '2026-05-06 16:39:21'),
(283, 6, 'MIÉRCOLES', '09:00:00', '09:15:00', '2026-05-06 16:39:21', '2026-05-06 16:39:21'),
(284, 6, 'MIÉRCOLES', '09:15:00', '09:30:00', '2026-05-06 16:39:21', '2026-05-06 16:39:21'),
(285, 6, 'MIÉRCOLES', '09:30:00', '09:45:00', '2026-05-06 16:39:21', '2026-05-06 16:39:21'),
(286, 6, 'MIÉRCOLES', '09:45:00', '10:00:00', '2026-05-06 16:39:21', '2026-05-06 16:39:21'),
(287, 6, 'MIÉRCOLES', '10:00:00', '10:15:00', '2026-05-06 16:39:21', '2026-05-06 16:39:21'),
(288, 6, 'MIÉRCOLES', '10:15:00', '10:30:00', '2026-05-06 16:39:21', '2026-05-06 16:39:21'),
(289, 6, 'MIÉRCOLES', '10:30:00', '10:45:00', '2026-05-06 16:39:21', '2026-05-06 16:39:21'),
(290, 6, 'MIÉRCOLES', '10:45:00', '11:00:00', '2026-05-06 16:39:21', '2026-05-06 16:39:21'),
(291, 6, 'MIÉRCOLES', '11:00:00', '11:15:00', '2026-05-06 16:39:21', '2026-05-06 16:39:21'),
(292, 6, 'MIÉRCOLES', '11:15:00', '11:30:00', '2026-05-06 16:39:21', '2026-05-06 16:39:21'),
(293, 6, 'MIÉRCOLES', '11:30:00', '11:45:00', '2026-05-06 16:39:21', '2026-05-06 16:39:21'),
(294, 6, 'MIÉRCOLES', '11:45:00', '12:00:00', '2026-05-06 16:39:21', '2026-05-06 16:39:21'),
(295, 7, 'LUNES', '08:00:00', '08:15:00', '2026-05-06 16:39:21', '2026-05-06 16:39:21'),
(296, 7, 'LUNES', '08:15:00', '08:30:00', '2026-05-06 16:39:21', '2026-05-06 16:39:21'),
(297, 7, 'LUNES', '08:30:00', '08:45:00', '2026-05-06 16:39:21', '2026-05-06 16:39:21'),
(298, 7, 'LUNES', '08:45:00', '09:00:00', '2026-05-06 16:39:21', '2026-05-06 16:39:21'),
(299, 7, 'LUNES', '09:00:00', '09:15:00', '2026-05-06 16:39:21', '2026-05-06 16:39:21'),
(300, 7, 'LUNES', '09:15:00', '09:30:00', '2026-05-06 16:39:21', '2026-05-06 16:39:21'),
(301, 7, 'LUNES', '09:30:00', '09:45:00', '2026-05-06 16:39:21', '2026-05-06 16:39:21'),
(302, 7, 'LUNES', '09:45:00', '10:00:00', '2026-05-06 16:39:21', '2026-05-06 16:39:21'),
(303, 7, 'LUNES', '10:00:00', '10:15:00', '2026-05-06 16:39:21', '2026-05-06 16:39:21'),
(304, 7, 'LUNES', '10:15:00', '10:30:00', '2026-05-06 16:39:21', '2026-05-06 16:39:21'),
(305, 7, 'LUNES', '10:30:00', '10:45:00', '2026-05-06 16:39:21', '2026-05-06 16:39:21'),
(306, 7, 'LUNES', '10:45:00', '11:00:00', '2026-05-06 16:39:21', '2026-05-06 16:39:21'),
(307, 7, 'LUNES', '11:00:00', '11:15:00', '2026-05-06 16:39:21', '2026-05-06 16:39:21'),
(308, 7, 'LUNES', '11:15:00', '11:30:00', '2026-05-06 16:39:21', '2026-05-06 16:39:21'),
(309, 7, 'LUNES', '11:30:00', '11:45:00', '2026-05-06 16:39:21', '2026-05-06 16:39:21'),
(310, 7, 'LUNES', '11:45:00', '12:00:00', '2026-05-06 16:39:21', '2026-05-06 16:39:21'),
(311, 7, 'MARTES', '08:00:00', '08:15:00', '2026-05-06 16:39:21', '2026-05-06 16:39:21'),
(312, 7, 'MARTES', '08:15:00', '08:30:00', '2026-05-06 16:39:21', '2026-05-06 16:39:21'),
(313, 7, 'MARTES', '08:30:00', '08:45:00', '2026-05-06 16:39:21', '2026-05-06 16:39:21'),
(314, 7, 'MARTES', '08:45:00', '09:00:00', '2026-05-06 16:39:21', '2026-05-06 16:39:21'),
(315, 7, 'MARTES', '09:00:00', '09:15:00', '2026-05-06 16:39:21', '2026-05-06 16:39:21'),
(316, 7, 'MARTES', '09:15:00', '09:30:00', '2026-05-06 16:39:21', '2026-05-06 16:39:21'),
(317, 7, 'MARTES', '09:30:00', '09:45:00', '2026-05-06 16:39:21', '2026-05-06 16:39:21'),
(318, 7, 'MARTES', '09:45:00', '10:00:00', '2026-05-06 16:39:21', '2026-05-06 16:39:21'),
(319, 7, 'MARTES', '10:00:00', '10:15:00', '2026-05-06 16:39:21', '2026-05-06 16:39:21'),
(320, 7, 'MARTES', '10:15:00', '10:30:00', '2026-05-06 16:39:21', '2026-05-06 16:39:21'),
(321, 7, 'MARTES', '10:30:00', '10:45:00', '2026-05-06 16:39:21', '2026-05-06 16:39:21'),
(322, 7, 'MARTES', '10:45:00', '11:00:00', '2026-05-06 16:39:21', '2026-05-06 16:39:21'),
(323, 7, 'MARTES', '11:00:00', '11:15:00', '2026-05-06 16:39:21', '2026-05-06 16:39:21'),
(324, 7, 'MARTES', '11:15:00', '11:30:00', '2026-05-06 16:39:21', '2026-05-06 16:39:21'),
(325, 7, 'MARTES', '11:30:00', '11:45:00', '2026-05-06 16:39:21', '2026-05-06 16:39:21'),
(326, 7, 'MARTES', '11:45:00', '12:00:00', '2026-05-06 16:39:21', '2026-05-06 16:39:21'),
(327, 7, 'MIÉRCOLES', '08:00:00', '08:15:00', '2026-05-06 16:39:21', '2026-05-06 16:39:21'),
(328, 7, 'MIÉRCOLES', '08:15:00', '08:30:00', '2026-05-06 16:39:21', '2026-05-06 16:39:21'),
(329, 7, 'MIÉRCOLES', '08:30:00', '08:45:00', '2026-05-06 16:39:21', '2026-05-06 16:39:21'),
(330, 7, 'MIÉRCOLES', '08:45:00', '09:00:00', '2026-05-06 16:39:21', '2026-05-06 16:39:21'),
(331, 7, 'MIÉRCOLES', '09:00:00', '09:15:00', '2026-05-06 16:39:21', '2026-05-06 16:39:21'),
(332, 7, 'MIÉRCOLES', '09:15:00', '09:30:00', '2026-05-06 16:39:21', '2026-05-06 16:39:21'),
(333, 7, 'MIÉRCOLES', '09:30:00', '09:45:00', '2026-05-06 16:39:21', '2026-05-06 16:39:21'),
(334, 7, 'MIÉRCOLES', '09:45:00', '10:00:00', '2026-05-06 16:39:21', '2026-05-06 16:39:21'),
(335, 7, 'MIÉRCOLES', '10:00:00', '10:15:00', '2026-05-06 16:39:21', '2026-05-06 16:39:21'),
(336, 7, 'MIÉRCOLES', '10:15:00', '10:30:00', '2026-05-06 16:39:21', '2026-05-06 16:39:21'),
(337, 7, 'MIÉRCOLES', '10:30:00', '10:45:00', '2026-05-06 16:39:21', '2026-05-06 16:39:21'),
(338, 7, 'MIÉRCOLES', '10:45:00', '11:00:00', '2026-05-06 16:39:21', '2026-05-06 16:39:21'),
(339, 7, 'MIÉRCOLES', '11:00:00', '11:15:00', '2026-05-06 16:39:21', '2026-05-06 16:39:21'),
(340, 7, 'MIÉRCOLES', '11:15:00', '11:30:00', '2026-05-06 16:39:21', '2026-05-06 16:39:21'),
(341, 7, 'MIÉRCOLES', '11:30:00', '11:45:00', '2026-05-06 16:39:21', '2026-05-06 16:39:21'),
(342, 7, 'MIÉRCOLES', '11:45:00', '12:00:00', '2026-05-06 16:39:21', '2026-05-06 16:39:21'),
(343, 8, 'LUNES', '08:00:00', '08:15:00', '2026-05-06 16:39:22', '2026-05-06 16:39:22'),
(344, 8, 'LUNES', '08:15:00', '08:30:00', '2026-05-06 16:39:22', '2026-05-06 16:39:22'),
(345, 8, 'LUNES', '08:30:00', '08:45:00', '2026-05-06 16:39:22', '2026-05-06 16:39:22'),
(346, 8, 'LUNES', '08:45:00', '09:00:00', '2026-05-06 16:39:22', '2026-05-06 16:39:22'),
(347, 8, 'LUNES', '09:00:00', '09:15:00', '2026-05-06 16:39:22', '2026-05-06 16:39:22'),
(348, 8, 'LUNES', '09:15:00', '09:30:00', '2026-05-06 16:39:22', '2026-05-06 16:39:22'),
(349, 8, 'LUNES', '09:30:00', '09:45:00', '2026-05-06 16:39:22', '2026-05-06 16:39:22'),
(350, 8, 'LUNES', '09:45:00', '10:00:00', '2026-05-06 16:39:22', '2026-05-06 16:39:22'),
(351, 8, 'LUNES', '10:00:00', '10:15:00', '2026-05-06 16:39:22', '2026-05-06 16:39:22'),
(352, 8, 'LUNES', '10:15:00', '10:30:00', '2026-05-06 16:39:22', '2026-05-06 16:39:22'),
(353, 8, 'LUNES', '10:30:00', '10:45:00', '2026-05-06 16:39:22', '2026-05-06 16:39:22'),
(354, 8, 'LUNES', '10:45:00', '11:00:00', '2026-05-06 16:39:22', '2026-05-06 16:39:22'),
(355, 8, 'LUNES', '11:00:00', '11:15:00', '2026-05-06 16:39:22', '2026-05-06 16:39:22'),
(356, 8, 'LUNES', '11:15:00', '11:30:00', '2026-05-06 16:39:22', '2026-05-06 16:39:22'),
(357, 8, 'LUNES', '11:30:00', '11:45:00', '2026-05-06 16:39:22', '2026-05-06 16:39:22'),
(358, 8, 'LUNES', '11:45:00', '12:00:00', '2026-05-06 16:39:22', '2026-05-06 16:39:22'),
(359, 8, 'MARTES', '08:00:00', '08:15:00', '2026-05-06 16:39:22', '2026-05-06 16:39:22'),
(360, 8, 'MARTES', '08:15:00', '08:30:00', '2026-05-06 16:39:22', '2026-05-06 16:39:22'),
(361, 8, 'MARTES', '08:30:00', '08:45:00', '2026-05-06 16:39:22', '2026-05-06 16:39:22'),
(362, 8, 'MARTES', '08:45:00', '09:00:00', '2026-05-06 16:39:22', '2026-05-06 16:39:22'),
(363, 8, 'MARTES', '09:00:00', '09:15:00', '2026-05-06 16:39:22', '2026-05-06 16:39:22'),
(364, 8, 'MARTES', '09:15:00', '09:30:00', '2026-05-06 16:39:22', '2026-05-06 16:39:22'),
(365, 8, 'MARTES', '09:30:00', '09:45:00', '2026-05-06 16:39:22', '2026-05-06 16:39:22'),
(366, 8, 'MARTES', '09:45:00', '10:00:00', '2026-05-06 16:39:22', '2026-05-06 16:39:22'),
(367, 8, 'MARTES', '10:00:00', '10:15:00', '2026-05-06 16:39:22', '2026-05-06 16:39:22'),
(368, 8, 'MARTES', '10:15:00', '10:30:00', '2026-05-06 16:39:22', '2026-05-06 16:39:22'),
(369, 8, 'MARTES', '10:30:00', '10:45:00', '2026-05-06 16:39:22', '2026-05-06 16:39:22'),
(370, 8, 'MARTES', '10:45:00', '11:00:00', '2026-05-06 16:39:22', '2026-05-06 16:39:22'),
(371, 8, 'MARTES', '11:00:00', '11:15:00', '2026-05-06 16:39:22', '2026-05-06 16:39:22'),
(372, 8, 'MARTES', '11:15:00', '11:30:00', '2026-05-06 16:39:22', '2026-05-06 16:39:22'),
(373, 8, 'MARTES', '11:30:00', '11:45:00', '2026-05-06 16:39:22', '2026-05-06 16:39:22'),
(374, 8, 'MARTES', '11:45:00', '12:00:00', '2026-05-06 16:39:22', '2026-05-06 16:39:22'),
(375, 8, 'MIÉRCOLES', '08:00:00', '08:15:00', '2026-05-06 16:39:22', '2026-05-06 16:39:22'),
(376, 8, 'MIÉRCOLES', '08:15:00', '08:30:00', '2026-05-06 16:39:22', '2026-05-06 16:39:22'),
(377, 8, 'MIÉRCOLES', '08:30:00', '08:45:00', '2026-05-06 16:39:22', '2026-05-06 16:39:22'),
(378, 8, 'MIÉRCOLES', '08:45:00', '09:00:00', '2026-05-06 16:39:22', '2026-05-06 16:39:22'),
(379, 8, 'MIÉRCOLES', '09:00:00', '09:15:00', '2026-05-06 16:39:22', '2026-05-06 16:39:22'),
(380, 8, 'MIÉRCOLES', '09:15:00', '09:30:00', '2026-05-06 16:39:22', '2026-05-06 16:39:22'),
(381, 8, 'MIÉRCOLES', '09:30:00', '09:45:00', '2026-05-06 16:39:22', '2026-05-06 16:39:22'),
(382, 8, 'MIÉRCOLES', '09:45:00', '10:00:00', '2026-05-06 16:39:22', '2026-05-06 16:39:22'),
(383, 8, 'MIÉRCOLES', '10:00:00', '10:15:00', '2026-05-06 16:39:22', '2026-05-06 16:39:22'),
(384, 8, 'MIÉRCOLES', '10:15:00', '10:30:00', '2026-05-06 16:39:22', '2026-05-06 16:39:22'),
(385, 8, 'MIÉRCOLES', '10:30:00', '10:45:00', '2026-05-06 16:39:22', '2026-05-06 16:39:22'),
(386, 8, 'MIÉRCOLES', '10:45:00', '11:00:00', '2026-05-06 16:39:22', '2026-05-06 16:39:22'),
(387, 8, 'MIÉRCOLES', '11:00:00', '11:15:00', '2026-05-06 16:39:22', '2026-05-06 16:39:22'),
(388, 8, 'MIÉRCOLES', '11:15:00', '11:30:00', '2026-05-06 16:39:22', '2026-05-06 16:39:22'),
(389, 8, 'MIÉRCOLES', '11:30:00', '11:45:00', '2026-05-06 16:39:22', '2026-05-06 16:39:22'),
(390, 8, 'MIÉRCOLES', '11:45:00', '12:00:00', '2026-05-06 16:39:22', '2026-05-06 16:39:22'),
(391, 9, 'LUNES', '08:00:00', '08:15:00', '2026-05-06 16:39:22', '2026-05-06 16:39:22'),
(392, 9, 'LUNES', '08:15:00', '08:30:00', '2026-05-06 16:39:22', '2026-05-06 16:39:22'),
(393, 9, 'LUNES', '08:30:00', '08:45:00', '2026-05-06 16:39:22', '2026-05-06 16:39:22'),
(394, 9, 'LUNES', '08:45:00', '09:00:00', '2026-05-06 16:39:22', '2026-05-06 16:39:22'),
(395, 9, 'LUNES', '09:00:00', '09:15:00', '2026-05-06 16:39:22', '2026-05-06 16:39:22'),
(396, 9, 'LUNES', '09:15:00', '09:30:00', '2026-05-06 16:39:22', '2026-05-06 16:39:22'),
(397, 9, 'LUNES', '09:30:00', '09:45:00', '2026-05-06 16:39:22', '2026-05-06 16:39:22'),
(398, 9, 'LUNES', '09:45:00', '10:00:00', '2026-05-06 16:39:22', '2026-05-06 16:39:22'),
(399, 9, 'LUNES', '10:00:00', '10:15:00', '2026-05-06 16:39:22', '2026-05-06 16:39:22'),
(400, 9, 'LUNES', '10:15:00', '10:30:00', '2026-05-06 16:39:22', '2026-05-06 16:39:22'),
(401, 9, 'LUNES', '10:30:00', '10:45:00', '2026-05-06 16:39:22', '2026-05-06 16:39:22'),
(402, 9, 'LUNES', '10:45:00', '11:00:00', '2026-05-06 16:39:22', '2026-05-06 16:39:22'),
(403, 9, 'LUNES', '11:00:00', '11:15:00', '2026-05-06 16:39:22', '2026-05-06 16:39:22'),
(404, 9, 'LUNES', '11:15:00', '11:30:00', '2026-05-06 16:39:22', '2026-05-06 16:39:22'),
(405, 9, 'LUNES', '11:30:00', '11:45:00', '2026-05-06 16:39:22', '2026-05-06 16:39:22'),
(406, 9, 'LUNES', '11:45:00', '12:00:00', '2026-05-06 16:39:22', '2026-05-06 16:39:22'),
(407, 9, 'MARTES', '08:00:00', '08:15:00', '2026-05-06 16:39:22', '2026-05-06 16:39:22'),
(408, 9, 'MARTES', '08:15:00', '08:30:00', '2026-05-06 16:39:22', '2026-05-06 16:39:22'),
(409, 9, 'MARTES', '08:30:00', '08:45:00', '2026-05-06 16:39:22', '2026-05-06 16:39:22'),
(410, 9, 'MARTES', '08:45:00', '09:00:00', '2026-05-06 16:39:22', '2026-05-06 16:39:22'),
(411, 9, 'MARTES', '09:00:00', '09:15:00', '2026-05-06 16:39:22', '2026-05-06 16:39:22'),
(412, 9, 'MARTES', '09:15:00', '09:30:00', '2026-05-06 16:39:22', '2026-05-06 16:39:22'),
(413, 9, 'MARTES', '09:30:00', '09:45:00', '2026-05-06 16:39:22', '2026-05-06 16:39:22'),
(414, 9, 'MARTES', '09:45:00', '10:00:00', '2026-05-06 16:39:22', '2026-05-06 16:39:22'),
(415, 9, 'MARTES', '10:00:00', '10:15:00', '2026-05-06 16:39:22', '2026-05-06 16:39:22'),
(416, 9, 'MARTES', '10:15:00', '10:30:00', '2026-05-06 16:39:22', '2026-05-06 16:39:22'),
(417, 9, 'MARTES', '10:30:00', '10:45:00', '2026-05-06 16:39:22', '2026-05-06 16:39:22'),
(418, 9, 'MARTES', '10:45:00', '11:00:00', '2026-05-06 16:39:22', '2026-05-06 16:39:22'),
(419, 9, 'MARTES', '11:00:00', '11:15:00', '2026-05-06 16:39:22', '2026-05-06 16:39:22'),
(420, 9, 'MARTES', '11:15:00', '11:30:00', '2026-05-06 16:39:22', '2026-05-06 16:39:22'),
(421, 9, 'MARTES', '11:30:00', '11:45:00', '2026-05-06 16:39:22', '2026-05-06 16:39:22'),
(422, 9, 'MARTES', '11:45:00', '12:00:00', '2026-05-06 16:39:22', '2026-05-06 16:39:22'),
(423, 9, 'MIÉRCOLES', '08:00:00', '08:15:00', '2026-05-06 16:39:22', '2026-05-06 16:39:22'),
(424, 9, 'MIÉRCOLES', '08:15:00', '08:30:00', '2026-05-06 16:39:22', '2026-05-06 16:39:22'),
(425, 9, 'MIÉRCOLES', '08:30:00', '08:45:00', '2026-05-06 16:39:22', '2026-05-06 16:39:22'),
(426, 9, 'MIÉRCOLES', '08:45:00', '09:00:00', '2026-05-06 16:39:22', '2026-05-06 16:39:22'),
(427, 9, 'MIÉRCOLES', '09:00:00', '09:15:00', '2026-05-06 16:39:22', '2026-05-06 16:39:22'),
(428, 9, 'MIÉRCOLES', '09:15:00', '09:30:00', '2026-05-06 16:39:22', '2026-05-06 16:39:22'),
(429, 9, 'MIÉRCOLES', '09:30:00', '09:45:00', '2026-05-06 16:39:22', '2026-05-06 16:39:22'),
(430, 9, 'MIÉRCOLES', '09:45:00', '10:00:00', '2026-05-06 16:39:22', '2026-05-06 16:39:22'),
(431, 9, 'MIÉRCOLES', '10:00:00', '10:15:00', '2026-05-06 16:39:22', '2026-05-06 16:39:22'),
(432, 9, 'MIÉRCOLES', '10:15:00', '10:30:00', '2026-05-06 16:39:22', '2026-05-06 16:39:22'),
(433, 9, 'MIÉRCOLES', '10:30:00', '10:45:00', '2026-05-06 16:39:22', '2026-05-06 16:39:22'),
(434, 9, 'MIÉRCOLES', '10:45:00', '11:00:00', '2026-05-06 16:39:22', '2026-05-06 16:39:22'),
(435, 9, 'MIÉRCOLES', '11:00:00', '11:15:00', '2026-05-06 16:39:22', '2026-05-06 16:39:22'),
(436, 9, 'MIÉRCOLES', '11:15:00', '11:30:00', '2026-05-06 16:39:22', '2026-05-06 16:39:22'),
(437, 9, 'MIÉRCOLES', '11:30:00', '11:45:00', '2026-05-06 16:39:22', '2026-05-06 16:39:22'),
(438, 9, 'MIÉRCOLES', '11:45:00', '12:00:00', '2026-05-06 16:39:22', '2026-05-06 16:39:22'),
(439, 10, 'LUNES', '08:00:00', '08:15:00', '2026-05-06 16:39:23', '2026-05-06 16:39:23'),
(440, 10, 'LUNES', '08:15:00', '08:30:00', '2026-05-06 16:39:23', '2026-05-06 16:39:23'),
(441, 10, 'LUNES', '08:30:00', '08:45:00', '2026-05-06 16:39:23', '2026-05-06 16:39:23'),
(442, 10, 'LUNES', '08:45:00', '09:00:00', '2026-05-06 16:39:23', '2026-05-06 16:39:23'),
(443, 10, 'LUNES', '09:00:00', '09:15:00', '2026-05-06 16:39:23', '2026-05-06 16:39:23'),
(444, 10, 'LUNES', '09:15:00', '09:30:00', '2026-05-06 16:39:23', '2026-05-06 16:39:23'),
(445, 10, 'LUNES', '09:30:00', '09:45:00', '2026-05-06 16:39:23', '2026-05-06 16:39:23'),
(446, 10, 'LUNES', '09:45:00', '10:00:00', '2026-05-06 16:39:23', '2026-05-06 16:39:23'),
(447, 10, 'LUNES', '10:00:00', '10:15:00', '2026-05-06 16:39:23', '2026-05-06 16:39:23'),
(448, 10, 'LUNES', '10:15:00', '10:30:00', '2026-05-06 16:39:23', '2026-05-06 16:39:23'),
(449, 10, 'LUNES', '10:30:00', '10:45:00', '2026-05-06 16:39:23', '2026-05-06 16:39:23'),
(450, 10, 'LUNES', '10:45:00', '11:00:00', '2026-05-06 16:39:23', '2026-05-06 16:39:23'),
(451, 10, 'LUNES', '11:00:00', '11:15:00', '2026-05-06 16:39:23', '2026-05-06 16:39:23'),
(452, 10, 'LUNES', '11:15:00', '11:30:00', '2026-05-06 16:39:23', '2026-05-06 16:39:23'),
(453, 10, 'LUNES', '11:30:00', '11:45:00', '2026-05-06 16:39:23', '2026-05-06 16:39:23'),
(454, 10, 'LUNES', '11:45:00', '12:00:00', '2026-05-06 16:39:23', '2026-05-06 16:39:23'),
(455, 10, 'MARTES', '08:00:00', '08:15:00', '2026-05-06 16:39:23', '2026-05-06 16:39:23'),
(456, 10, 'MARTES', '08:15:00', '08:30:00', '2026-05-06 16:39:23', '2026-05-06 16:39:23'),
(457, 10, 'MARTES', '08:30:00', '08:45:00', '2026-05-06 16:39:23', '2026-05-06 16:39:23'),
(458, 10, 'MARTES', '08:45:00', '09:00:00', '2026-05-06 16:39:23', '2026-05-06 16:39:23'),
(459, 10, 'MARTES', '09:00:00', '09:15:00', '2026-05-06 16:39:23', '2026-05-06 16:39:23'),
(460, 10, 'MARTES', '09:15:00', '09:30:00', '2026-05-06 16:39:23', '2026-05-06 16:39:23'),
(461, 10, 'MARTES', '09:30:00', '09:45:00', '2026-05-06 16:39:23', '2026-05-06 16:39:23'),
(462, 10, 'MARTES', '09:45:00', '10:00:00', '2026-05-06 16:39:23', '2026-05-06 16:39:23'),
(463, 10, 'MARTES', '10:00:00', '10:15:00', '2026-05-06 16:39:23', '2026-05-06 16:39:23'),
(464, 10, 'MARTES', '10:15:00', '10:30:00', '2026-05-06 16:39:23', '2026-05-06 16:39:23'),
(465, 10, 'MARTES', '10:30:00', '10:45:00', '2026-05-06 16:39:23', '2026-05-06 16:39:23'),
(466, 10, 'MARTES', '10:45:00', '11:00:00', '2026-05-06 16:39:23', '2026-05-06 16:39:23'),
(467, 10, 'MARTES', '11:00:00', '11:15:00', '2026-05-06 16:39:23', '2026-05-06 16:39:23'),
(468, 10, 'MARTES', '11:15:00', '11:30:00', '2026-05-06 16:39:23', '2026-05-06 16:39:23'),
(469, 10, 'MARTES', '11:30:00', '11:45:00', '2026-05-06 16:39:23', '2026-05-06 16:39:23'),
(470, 10, 'MARTES', '11:45:00', '12:00:00', '2026-05-06 16:39:23', '2026-05-06 16:39:23'),
(471, 10, 'MIÉRCOLES', '08:00:00', '08:15:00', '2026-05-06 16:39:23', '2026-05-06 16:39:23'),
(472, 10, 'MIÉRCOLES', '08:15:00', '08:30:00', '2026-05-06 16:39:23', '2026-05-06 16:39:23'),
(473, 10, 'MIÉRCOLES', '08:30:00', '08:45:00', '2026-05-06 16:39:23', '2026-05-06 16:39:23'),
(474, 10, 'MIÉRCOLES', '08:45:00', '09:00:00', '2026-05-06 16:39:23', '2026-05-06 16:39:23'),
(475, 10, 'MIÉRCOLES', '09:00:00', '09:15:00', '2026-05-06 16:39:23', '2026-05-06 16:39:23'),
(476, 10, 'MIÉRCOLES', '09:15:00', '09:30:00', '2026-05-06 16:39:23', '2026-05-06 16:39:23'),
(477, 10, 'MIÉRCOLES', '09:30:00', '09:45:00', '2026-05-06 16:39:23', '2026-05-06 16:39:23'),
(478, 10, 'MIÉRCOLES', '09:45:00', '10:00:00', '2026-05-06 16:39:23', '2026-05-06 16:39:23'),
(479, 10, 'MIÉRCOLES', '10:00:00', '10:15:00', '2026-05-06 16:39:23', '2026-05-06 16:39:23'),
(480, 10, 'MIÉRCOLES', '10:15:00', '10:30:00', '2026-05-06 16:39:23', '2026-05-06 16:39:23'),
(481, 10, 'MIÉRCOLES', '10:30:00', '10:45:00', '2026-05-06 16:39:23', '2026-05-06 16:39:23'),
(482, 10, 'MIÉRCOLES', '10:45:00', '11:00:00', '2026-05-06 16:39:23', '2026-05-06 16:39:23'),
(483, 10, 'MIÉRCOLES', '11:00:00', '11:15:00', '2026-05-06 16:39:23', '2026-05-06 16:39:23'),
(484, 10, 'MIÉRCOLES', '11:15:00', '11:30:00', '2026-05-06 16:39:23', '2026-05-06 16:39:23'),
(485, 10, 'MIÉRCOLES', '11:30:00', '11:45:00', '2026-05-06 16:39:23', '2026-05-06 16:39:23'),
(486, 10, 'MIÉRCOLES', '11:45:00', '12:00:00', '2026-05-06 16:39:23', '2026-05-06 16:39:23'),
(694, 1, 'LUNES', '08:00:00', '08:15:00', '2026-05-07 07:20:42', '2026-05-07 07:20:42'),
(695, 1, 'LUNES', '08:15:00', '08:30:00', '2026-05-07 07:20:42', '2026-05-07 07:20:42'),
(696, 1, 'LUNES', '08:30:00', '08:45:00', '2026-05-07 07:20:42', '2026-05-07 07:20:42'),
(697, 1, 'LUNES', '08:45:00', '09:00:00', '2026-05-07 07:20:42', '2026-05-07 07:20:42'),
(698, 1, 'LUNES', '09:00:00', '09:15:00', '2026-05-07 07:20:42', '2026-05-07 07:20:42'),
(699, 1, 'LUNES', '09:15:00', '09:30:00', '2026-05-07 07:20:42', '2026-05-07 07:20:42'),
(700, 1, 'LUNES', '09:30:00', '09:45:00', '2026-05-07 07:20:42', '2026-05-07 07:20:42'),
(701, 1, 'LUNES', '09:45:00', '10:00:00', '2026-05-07 07:20:42', '2026-05-07 07:20:42'),
(702, 1, 'LUNES', '10:00:00', '10:15:00', '2026-05-07 07:20:42', '2026-05-07 07:20:42'),
(703, 1, 'LUNES', '10:15:00', '10:30:00', '2026-05-07 07:20:42', '2026-05-07 07:20:42'),
(704, 1, 'LUNES', '10:30:00', '10:45:00', '2026-05-07 07:20:42', '2026-05-07 07:20:42'),
(705, 1, 'LUNES', '10:45:00', '11:00:00', '2026-05-07 07:20:42', '2026-05-07 07:20:42'),
(706, 1, 'LUNES', '11:00:00', '11:15:00', '2026-05-07 07:20:42', '2026-05-07 07:20:42'),
(707, 1, 'LUNES', '11:15:00', '11:30:00', '2026-05-07 07:20:42', '2026-05-07 07:20:42'),
(708, 1, 'LUNES', '11:30:00', '11:45:00', '2026-05-07 07:20:42', '2026-05-07 07:20:42'),
(709, 1, 'LUNES', '11:45:00', '12:00:00', '2026-05-07 07:20:42', '2026-05-07 07:20:42'),
(710, 1, 'MARTES', '09:00:00', '09:15:00', '2026-05-07 07:20:42', '2026-05-07 07:20:42'),
(711, 1, 'MARTES', '09:15:00', '09:30:00', '2026-05-07 07:20:42', '2026-05-07 07:20:42'),
(712, 1, 'MARTES', '09:30:00', '09:45:00', '2026-05-07 07:20:42', '2026-05-07 07:20:42'),
(713, 1, 'MARTES', '09:45:00', '10:00:00', '2026-05-07 07:20:42', '2026-05-07 07:20:42'),
(714, 1, 'MARTES', '10:00:00', '10:15:00', '2026-05-07 07:20:42', '2026-05-07 07:20:42'),
(715, 1, 'MARTES', '10:15:00', '10:30:00', '2026-05-07 07:20:42', '2026-05-07 07:20:42'),
(716, 1, 'MARTES', '10:30:00', '10:45:00', '2026-05-07 07:20:42', '2026-05-07 07:20:42'),
(717, 1, 'MARTES', '10:45:00', '11:00:00', '2026-05-07 07:20:42', '2026-05-07 07:20:42'),
(718, 1, 'MARTES', '11:00:00', '11:15:00', '2026-05-07 07:20:42', '2026-05-07 07:20:42'),
(719, 1, 'MARTES', '11:15:00', '11:30:00', '2026-05-07 07:20:42', '2026-05-07 07:20:42'),
(720, 1, 'MARTES', '11:30:00', '11:45:00', '2026-05-07 07:20:42', '2026-05-07 07:20:42'),
(721, 1, 'MARTES', '11:45:00', '12:00:00', '2026-05-07 07:20:42', '2026-05-07 07:20:42'),
(722, 1, 'MIÉRCOLES', '09:00:00', '09:15:00', '2026-05-07 07:20:42', '2026-05-07 07:20:42'),
(723, 1, 'MIÉRCOLES', '09:15:00', '09:30:00', '2026-05-07 07:20:42', '2026-05-07 07:20:42'),
(724, 1, 'MIÉRCOLES', '09:30:00', '09:45:00', '2026-05-07 07:20:42', '2026-05-07 07:20:42'),
(725, 1, 'MIÉRCOLES', '09:45:00', '10:00:00', '2026-05-07 07:20:42', '2026-05-07 07:20:42'),
(726, 1, 'MIÉRCOLES', '10:00:00', '10:15:00', '2026-05-07 07:20:42', '2026-05-07 07:20:42'),
(727, 1, 'MIÉRCOLES', '10:15:00', '10:30:00', '2026-05-07 07:20:42', '2026-05-07 07:20:42'),
(728, 1, 'MIÉRCOLES', '10:30:00', '10:45:00', '2026-05-07 07:20:42', '2026-05-07 07:20:42'),
(729, 1, 'MIÉRCOLES', '10:45:00', '11:00:00', '2026-05-07 07:20:42', '2026-05-07 07:20:42'),
(730, 1, 'MIÉRCOLES', '11:00:00', '11:15:00', '2026-05-07 07:20:42', '2026-05-07 07:20:42'),
(731, 1, 'MIÉRCOLES', '11:15:00', '11:30:00', '2026-05-07 07:20:42', '2026-05-07 07:20:42'),
(732, 1, 'MIÉRCOLES', '11:30:00', '11:45:00', '2026-05-07 07:20:42', '2026-05-07 07:20:42'),
(733, 1, 'MIÉRCOLES', '11:45:00', '12:00:00', '2026-05-07 07:20:42', '2026-05-07 07:20:42'),
(734, 1, 'JUEVES', '11:00:00', '11:15:00', '2026-05-07 07:20:42', '2026-05-07 07:20:42'),
(735, 1, 'MARTES', '08:00:00', '08:15:00', '2026-05-07 07:20:42', '2026-05-07 07:20:42'),
(736, 1, 'MARTES', '08:15:00', '08:30:00', '2026-05-07 07:20:42', '2026-05-07 07:20:42'),
(737, 1, 'MARTES', '08:30:00', '08:45:00', '2026-05-07 07:20:42', '2026-05-07 07:20:42'),
(738, 1, 'MARTES', '08:45:00', '09:00:00', '2026-05-07 07:20:42', '2026-05-07 07:20:42'),
(739, 11, 'LUNES', '08:00:00', '08:30:00', '2026-05-08 16:49:14', '2026-05-08 16:49:14'),
(740, 11, 'LUNES', '08:30:00', '09:00:00', '2026-05-08 16:49:14', '2026-05-08 16:49:14'),
(741, 11, 'LUNES', '09:00:00', '09:30:00', '2026-05-08 16:49:14', '2026-05-08 16:49:14'),
(742, 11, 'LUNES', '09:30:00', '10:00:00', '2026-05-08 16:49:14', '2026-05-08 16:49:14'),
(743, 11, 'LUNES', '10:00:00', '10:30:00', '2026-05-08 16:49:14', '2026-05-08 16:49:14'),
(744, 11, 'LUNES', '10:30:00', '11:00:00', '2026-05-08 16:49:14', '2026-05-08 16:49:14'),
(745, 11, 'LUNES', '11:00:00', '11:30:00', '2026-05-08 16:49:14', '2026-05-08 16:49:14'),
(746, 11, 'LUNES', '11:30:00', '12:00:00', '2026-05-08 16:49:14', '2026-05-08 16:49:14');

-- --------------------------------------------------------

--
-- Estructura de tabla para la tabla `failed_jobs`
--

CREATE TABLE `failed_jobs` (
  `id` bigint(20) UNSIGNED NOT NULL,
  `uuid` varchar(255) NOT NULL,
  `connection` text NOT NULL,
  `queue` text NOT NULL,
  `payload` longtext NOT NULL,
  `exception` longtext NOT NULL,
  `failed_at` timestamp NOT NULL DEFAULT current_timestamp()
) ENGINE=InnoDB DEFAULT CHARSET=utf8mb4 COLLATE=utf8mb4_unicode_ci;

-- --------------------------------------------------------

--
-- Estructura de tabla para la tabla `jobs`
--

CREATE TABLE `jobs` (
  `id` bigint(20) UNSIGNED NOT NULL,
  `queue` varchar(255) NOT NULL,
  `payload` longtext NOT NULL,
  `attempts` tinyint(3) UNSIGNED NOT NULL,
  `reserved_at` int(10) UNSIGNED DEFAULT NULL,
  `available_at` int(10) UNSIGNED NOT NULL,
  `created_at` int(10) UNSIGNED NOT NULL
) ENGINE=InnoDB DEFAULT CHARSET=utf8mb4 COLLATE=utf8mb4_unicode_ci;

-- --------------------------------------------------------

--
-- Estructura de tabla para la tabla `job_batches`
--

CREATE TABLE `job_batches` (
  `id` varchar(255) NOT NULL,
  `name` varchar(255) NOT NULL,
  `total_jobs` int(11) NOT NULL,
  `pending_jobs` int(11) NOT NULL,
  `failed_jobs` int(11) NOT NULL,
  `failed_job_ids` longtext NOT NULL,
  `options` mediumtext DEFAULT NULL,
  `cancelled_at` int(11) DEFAULT NULL,
  `created_at` int(11) NOT NULL,
  `finished_at` int(11) DEFAULT NULL
) ENGINE=InnoDB DEFAULT CHARSET=utf8mb4 COLLATE=utf8mb4_unicode_ci;

-- --------------------------------------------------------

--
-- Estructura de tabla para la tabla `migrations`
--

CREATE TABLE `migrations` (
  `id` int(10) UNSIGNED NOT NULL,
  `migration` varchar(255) NOT NULL,
  `batch` int(11) NOT NULL
) ENGINE=InnoDB DEFAULT CHARSET=utf8mb4 COLLATE=utf8mb4_unicode_ci;

--
-- Volcado de datos para la tabla `migrations`
--

INSERT INTO `migrations` (`id`, `migration`, `batch`) VALUES
(1, '0001_01_01_000000_create_users_table', 1),
(2, '0001_01_01_000001_create_cache_table', 1),
(3, '0001_01_01_000002_create_jobs_table', 1),
(4, '2026_02_02_185748_add_two_factor_columns_to_users_table', 1),
(5, '2026_02_02_185820_create_personal_access_tokens_table', 1),
(6, '2026_02_25_212056_create_permission_tables', 1),
(7, '2026_03_25_092435_create_blood_types_table', 1),
(8, '2026_03_25_092626_create_patients_table', 1),
(9, '2026_05_06_160000_create_doctors_table', 2),
(10, '2026_05_06_161000_create_appointments_table', 2),
(11, '2026_05_06_162000_create_consultations_table', 2),
(12, '2026_05_06_163000_create_prescriptions_table', 2),
(13, '2026_05_06_170000_create_doctor_schedules_table', 3);

-- --------------------------------------------------------

--
-- Estructura de tabla para la tabla `model_has_permissions`
--

CREATE TABLE `model_has_permissions` (
  `permission_id` bigint(20) UNSIGNED NOT NULL,
  `model_type` varchar(255) NOT NULL,
  `model_id` bigint(20) UNSIGNED NOT NULL
) ENGINE=InnoDB DEFAULT CHARSET=utf8mb4 COLLATE=utf8mb4_unicode_ci;

-- --------------------------------------------------------

--
-- Estructura de tabla para la tabla `model_has_roles`
--

CREATE TABLE `model_has_roles` (
  `role_id` bigint(20) UNSIGNED NOT NULL,
  `model_type` varchar(255) NOT NULL,
  `model_id` bigint(20) UNSIGNED NOT NULL
) ENGINE=InnoDB DEFAULT CHARSET=utf8mb4 COLLATE=utf8mb4_unicode_ci;

--
-- Volcado de datos para la tabla `model_has_roles`
--

INSERT INTO `model_has_roles` (`role_id`, `model_type`, `model_id`) VALUES
(1, 'App\\Models\\User', 2),
(1, 'App\\Models\\User', 3),
(1, 'App\\Models\\User', 4),
(1, 'App\\Models\\User', 17),
(2, 'App\\Models\\User', 5),
(2, 'App\\Models\\User', 6),
(2, 'App\\Models\\User', 7),
(2, 'App\\Models\\User', 8),
(2, 'App\\Models\\User', 9),
(2, 'App\\Models\\User', 10),
(2, 'App\\Models\\User', 11),
(2, 'App\\Models\\User', 12),
(2, 'App\\Models\\User', 13),
(2, 'App\\Models\\User', 14),
(2, 'App\\Models\\User', 15),
(4, 'App\\Models\\User', 1);

-- --------------------------------------------------------

--
-- Estructura de tabla para la tabla `password_reset_tokens`
--

CREATE TABLE `password_reset_tokens` (
  `email` varchar(255) NOT NULL,
  `token` varchar(255) NOT NULL,
  `created_at` timestamp NULL DEFAULT NULL
) ENGINE=InnoDB DEFAULT CHARSET=utf8mb4 COLLATE=utf8mb4_unicode_ci;

-- --------------------------------------------------------

--
-- Estructura de tabla para la tabla `patients`
--

CREATE TABLE `patients` (
  `id` bigint(20) UNSIGNED NOT NULL,
  `user_id` bigint(20) UNSIGNED NOT NULL,
  `blood_type_id` bigint(20) UNSIGNED DEFAULT NULL,
  `allergies` varchar(255) DEFAULT NULL,
  `chronic_conditions` varchar(255) DEFAULT NULL,
  `surgical_history` varchar(255) DEFAULT NULL,
  `family_history` varchar(255) DEFAULT NULL,
  `observations` varchar(255) DEFAULT NULL,
  `emergency_contact_name` varchar(255) DEFAULT NULL,
  `emergency_contact_phone` varchar(255) DEFAULT NULL,
  `emergency_contact_relationship` varchar(255) DEFAULT NULL,
  `created_at` timestamp NULL DEFAULT NULL,
  `updated_at` timestamp NULL DEFAULT NULL
) ENGINE=InnoDB DEFAULT CHARSET=utf8mb4 COLLATE=utf8mb4_unicode_ci;

--
-- Volcado de datos para la tabla `patients`
--

INSERT INTO `patients` (`id`, `user_id`, `blood_type_id`, `allergies`, `chronic_conditions`, `surgical_history`, `family_history`, `observations`, `emergency_contact_name`, `emergency_contact_phone`, `emergency_contact_relationship`, `created_at`, `updated_at`) VALUES
(1, 2, NULL, 'test', 'Teste EnfermedadesT', 'Teste Antecedentes qui', 'Test Antecedentes', NULL, 'Jesus', '999999999', 'Amigo', '2026-03-25 16:30:24', '2026-04-29 15:55:55'),
(2, 3, 3, 'Prueba 01', 'Prueba 02', NULL, NULL, NULL, NULL, NULL, NULL, '2026-03-25 16:34:05', '2026-05-07 06:51:30'),
(3, 4, NULL, NULL, NULL, NULL, NULL, NULL, NULL, NULL, NULL, '2026-03-25 16:50:26', '2026-03-25 16:50:26'),
(5, 17, 1, NULL, NULL, NULL, NULL, NULL, 'Contacto Emergencia', '9991112233', NULL, '2026-05-08 16:50:53', '2026-05-08 16:50:53');

-- --------------------------------------------------------

--
-- Estructura de tabla para la tabla `permissions`
--

CREATE TABLE `permissions` (
  `id` bigint(20) UNSIGNED NOT NULL,
  `name` varchar(255) NOT NULL,
  `guard_name` varchar(255) NOT NULL,
  `created_at` timestamp NULL DEFAULT NULL,
  `updated_at` timestamp NULL DEFAULT NULL
) ENGINE=InnoDB DEFAULT CHARSET=utf8mb4 COLLATE=utf8mb4_unicode_ci;

-- --------------------------------------------------------

--
-- Estructura de tabla para la tabla `personal_access_tokens`
--

CREATE TABLE `personal_access_tokens` (
  `id` bigint(20) UNSIGNED NOT NULL,
  `tokenable_type` varchar(255) NOT NULL,
  `tokenable_id` bigint(20) UNSIGNED NOT NULL,
  `name` text NOT NULL,
  `token` varchar(64) NOT NULL,
  `abilities` text DEFAULT NULL,
  `last_used_at` timestamp NULL DEFAULT NULL,
  `expires_at` timestamp NULL DEFAULT NULL,
  `created_at` timestamp NULL DEFAULT NULL,
  `updated_at` timestamp NULL DEFAULT NULL
) ENGINE=InnoDB DEFAULT CHARSET=utf8mb4 COLLATE=utf8mb4_unicode_ci;

-- --------------------------------------------------------

--
-- Estructura de tabla para la tabla `prescriptions`
--

CREATE TABLE `prescriptions` (
  `id` bigint(20) UNSIGNED NOT NULL,
  `consultation_id` bigint(20) UNSIGNED NOT NULL,
  `medication` varchar(255) NOT NULL,
  `dose` varchar(255) DEFAULT NULL,
  `frequency` varchar(255) DEFAULT NULL,
  `created_at` timestamp NULL DEFAULT NULL,
  `updated_at` timestamp NULL DEFAULT NULL
) ENGINE=InnoDB DEFAULT CHARSET=utf8mb4 COLLATE=utf8mb4_unicode_ci;

--
-- Volcado de datos para la tabla `prescriptions`
--

INSERT INTO `prescriptions` (`id`, `consultation_id`, `medication`, `dose`, `frequency`, `created_at`, `updated_at`) VALUES
(1, 1, 'Amoxidina 500g', '1 cada 8 horas', 'cada 8 horas 7 dias', '2026-05-06 16:43:07', '2026-05-06 16:43:07'),
(4, 3, 'Paracetamol 500mg', '1 tableta', 'cada 8 horas por 3 días', '2026-05-07 06:46:19', '2026-05-07 06:46:19'),
(5, 3, 'Omeprazol 20mg', '1 cápsula', 'en ayunas por 15 días', '2026-05-07 06:46:19', '2026-05-07 06:46:19'),
(6, 4, 'Cetirizina 10mg', '1 tableta', 'cada noche por 5 días', '2026-05-07 06:46:19', '2026-05-07 06:46:19'),
(7, 5, 'Ibuprofeno 400mg', '1 tableta', 'cada 8 horas si hay dolor', '2026-05-07 06:46:19', '2026-05-07 06:46:19'),
(8, 6, 'Amoxicilina 875mg', '1 cápsula', 'cada 12 horas por 7 días', '2026-05-07 06:46:19', '2026-05-07 06:46:19'),
(9, 6, 'Omeprazol 20mg', '1 cápsula', 'en ayunas por 15 días', '2026-05-07 06:46:19', '2026-05-07 06:46:19'),
(10, 7, 'Amoxicilina 875mg', '1 cápsula', 'cada 12 horas por 7 días', '2026-05-07 06:46:19', '2026-05-07 06:46:19'),
(11, 7, 'Ibuprofeno 400mg', '1 tableta', 'cada 8 horas si hay dolor', '2026-05-07 06:46:19', '2026-05-07 06:46:19'),
(12, 8, 'Cetirizina 10mg', '1 tableta', 'cada noche por 5 días', '2026-05-07 06:46:19', '2026-05-07 06:46:19'),
(13, 2, 'Paracetamol', '1 cada 8 horas', 'cada 8 horas por 7 dias', '2026-05-07 07:24:01', '2026-05-07 07:24:01'),
(14, 2, 'Prueba', '123123', '123123', '2026-05-07 07:24:01', '2026-05-07 07:24:01');

-- --------------------------------------------------------

--
-- Estructura de tabla para la tabla `roles`
--

CREATE TABLE `roles` (
  `id` bigint(20) UNSIGNED NOT NULL,
  `name` varchar(255) NOT NULL,
  `guard_name` varchar(255) NOT NULL,
  `created_at` timestamp NULL DEFAULT NULL,
  `updated_at` timestamp NULL DEFAULT NULL
) ENGINE=InnoDB DEFAULT CHARSET=utf8mb4 COLLATE=utf8mb4_unicode_ci;

--
-- Volcado de datos para la tabla `roles`
--

INSERT INTO `roles` (`id`, `name`, `guard_name`, `created_at`, `updated_at`) VALUES
(1, 'Paciente', 'web', '2026-03-25 16:28:27', '2026-03-25 16:28:27'),
(2, 'Doctor', 'web', '2026-03-25 16:28:27', '2026-03-25 16:28:27'),
(3, 'Recepcionista', 'web', '2026-03-25 16:28:27', '2026-03-25 16:28:27'),
(4, 'Administrador', 'web', '2026-03-25 16:28:27', '2026-03-25 16:28:27'),
(5, 'Super Administrador', 'web', '2026-03-25 16:28:27', '2026-03-25 16:28:27');

-- --------------------------------------------------------

--
-- Estructura de tabla para la tabla `role_has_permissions`
--

CREATE TABLE `role_has_permissions` (
  `permission_id` bigint(20) UNSIGNED NOT NULL,
  `role_id` bigint(20) UNSIGNED NOT NULL
) ENGINE=InnoDB DEFAULT CHARSET=utf8mb4 COLLATE=utf8mb4_unicode_ci;

-- --------------------------------------------------------

--
-- Estructura de tabla para la tabla `sessions`
--

CREATE TABLE `sessions` (
  `id` varchar(255) NOT NULL,
  `user_id` bigint(20) UNSIGNED DEFAULT NULL,
  `ip_address` varchar(45) DEFAULT NULL,
  `user_agent` text DEFAULT NULL,
  `payload` longtext NOT NULL,
  `last_activity` int(11) NOT NULL
) ENGINE=InnoDB DEFAULT CHARSET=utf8mb4 COLLATE=utf8mb4_unicode_ci;

--
-- Volcado de datos para la tabla `sessions`
--

INSERT INTO `sessions` (`id`, `user_id`, `ip_address`, `user_agent`, `payload`, `last_activity`) VALUES
('DehxNkpsfoEgnZibts5tQB2n7dEzM2m3bH2leizY', 1, '127.0.0.1', 'Mozilla/5.0 (Windows NT 10.0; Win64; x64) AppleWebKit/537.36 (KHTML, like Gecko) Chrome/147.0.0.0 Safari/537.36 Edg/147.0.0.0', 'YTo1OntzOjY6Il90b2tlbiI7czo0MDoib0tZODcyRVFaemhHWkQ0TjNYeXRQd3hJYVV6MW5pTm13c0pvNm1UaSI7czo5OiJfcHJldmlvdXMiO2E6Mjp7czozOiJ1cmwiO3M6NDA6Imh0dHA6Ly8xMjcuMC4wLjE6ODAwMC9hZG1pbi9hcHBvaW50bWVudHMiO3M6NToicm91dGUiO3M6MjQ6ImFkbWluLmFwcG9pbnRtZW50cy5pbmRleCI7fXM6NjoiX2ZsYXNoIjthOjI6e3M6Mzoib2xkIjthOjA6e31zOjM6Im5ldyI7YTowOnt9fXM6NTA6ImxvZ2luX3dlYl81OWJhMzZhZGRjMmIyZjk0MDE1ODBmMDE0YzdmNThlYTRlMzA5ODlkIjtpOjE7czoyMToicGFzc3dvcmRfaGFzaF9zYW5jdHVtIjtzOjY0OiJiNGM5ODBiYWFmZjczZDQ4MTE1ZTdkOWMwNWRlMGFmZmFlZWNkMTljOTQ0M2UxOTZiMTY4Y2RkNGQwMDUwN2E0Ijt9', 1778350675),
('iMrIA8bTCXmEHALazd9lfsBfSV3FHeBpZkaMDSZG', 1, '127.0.0.1', 'Mozilla/5.0 (Windows NT 10.0; Win64; x64) AppleWebKit/537.36 (KHTML, like Gecko) Chrome/148.0.0.0 Safari/537.36 Edg/148.0.0.0', 'YTo1OntzOjY6Il90b2tlbiI7czo0MDoiNXo3V3NaOE1DZ0g3cENNejBJaGNRQU11eVAzbkhNR2hOMDdSTlBLRyI7czo5OiJfcHJldmlvdXMiO2E6Mjp7czozOiJ1cmwiO3M6MzU6Imh0dHA6Ly8xMjcuMC4wLjE6ODAwMC9hZG1pbi9kb2N0b3JzIjtzOjU6InJvdXRlIjtzOjE5OiJhZG1pbi5kb2N0b3JzLmluZGV4Ijt9czo2OiJfZmxhc2giO2E6Mjp7czozOiJvbGQiO2E6MDp7fXM6MzoibmV3IjthOjA6e319czo1MDoibG9naW5fd2ViXzU5YmEzNmFkZGMyYjJmOTQwMTU4MGYwMTRjN2Y1OGVhNGUzMDk4OWQiO2k6MTtzOjIxOiJwYXNzd29yZF9oYXNoX3NhbmN0dW0iO3M6NjQ6ImI0Yzk4MGJhYWZmNzNkNDgxMTVlN2Q5YzA1ZGUwYWZmYWVlY2QxOWM5NDQzZTE5NmIxNjhjZGQ0ZDAwNTA3YTQiO30=', 1778879326),
('KyBHiG4OrheG5r07yqXMCN7VaakjcmX9osUdQ933', 1, '127.0.0.1', 'Mozilla/5.0 (Windows NT 10.0; Win64; x64) AppleWebKit/537.36 (KHTML, like Gecko) Chrome/147.0.0.0 Safari/537.36 Edg/147.0.0.0', 'YTo1OntzOjY6Il90b2tlbiI7czo0MDoiNHEwVjR1WHBSd0o1Z2RMV0wySG50VzhhaDB6bUU2VHVlMVBRbGdnNyI7czo5OiJfcHJldmlvdXMiO2E6Mjp7czozOiJ1cmwiO3M6NDA6Imh0dHA6Ly8xMjcuMC4wLjE6ODAwMC9hZG1pbi9hcHBvaW50bWVudHMiO3M6NToicm91dGUiO3M6MjQ6ImFkbWluLmFwcG9pbnRtZW50cy5pbmRleCI7fXM6NjoiX2ZsYXNoIjthOjI6e3M6Mzoib2xkIjthOjA6e31zOjM6Im5ldyI7YTowOnt9fXM6NTA6ImxvZ2luX3dlYl81OWJhMzZhZGRjMmIyZjk0MDE1ODBmMDE0YzdmNThlYTRlMzA5ODlkIjtpOjE7czoyMToicGFzc3dvcmRfaGFzaF9zYW5jdHVtIjtzOjY0OiJiNGM5ODBiYWFmZjczZDQ4MTE1ZTdkOWMwNWRlMGFmZmFlZWNkMTljOTQ0M2UxOTZiMTY4Y2RkNGQwMDUwN2E0Ijt9', 1778266655),
('tXLeyQofSHM766RGcOEm4zdfXAITLczaaiv6xQTs', 1, '127.0.0.1', 'Mozilla/5.0 (Windows NT 10.0; Win64; x64) AppleWebKit/537.36 (KHTML, like Gecko) Chrome/148.0.0.0 Safari/537.36 Edg/148.0.0.0', 'YTo1OntzOjY6Il90b2tlbiI7czo0MDoiV3k3cU5ibnJnWUtTeFg0MFkzZ3pXQUlsRFBqdXZjTDlxS2hJb0pSciI7czozOiJ1cmwiO2E6MDp7fXM6OToiX3ByZXZpb3VzIjthOjI6e3M6MzoidXJsIjtzOjQwOiJodHRwOi8vMTI3LjAuMC4xOjgwMDAvYWRtaW4vYXBwb2ludG1lbnRzIjtzOjU6InJvdXRlIjtzOjI0OiJhZG1pbi5hcHBvaW50bWVudHMuaW5kZXgiO31zOjY6Il9mbGFzaCI7YToyOntzOjM6Im9sZCI7YTowOnt9czozOiJuZXciO2E6MDp7fX1zOjUwOiJsb2dpbl93ZWJfNTliYTM2YWRkYzJiMmY5NDAxNTgwZjAxNGM3ZjU4ZWE0ZTMwOTg5ZCI7aToxO30=', 1778897174),
('YonlcOXNro7ufZRMQsUIgzyodB5Wpqx9M4Qeli1L', 1, '127.0.0.1', 'Mozilla/5.0 (Windows NT 10.0; Win64; x64) AppleWebKit/537.36 (KHTML, like Gecko) Chrome/147.0.0.0 Safari/537.36 Edg/147.0.0.0', 'YTo1OntzOjY6Il90b2tlbiI7czo0MDoiYURqNU1wT3FLTW0wZVVYY2dpT1VRYXU5ZVFDc1gzZjdHOUVuSzdNYyI7czo5OiJfcHJldmlvdXMiO2E6Mjp7czozOiJ1cmwiO3M6NDM6Imh0dHA6Ly8xMjcuMC4wLjE6ODAwMC9hZG1pbi9wYXRpZW50cy8yL2VkaXQiO3M6NToicm91dGUiO3M6MTk6ImFkbWluLnBhdGllbnRzLmVkaXQiO31zOjY6Il9mbGFzaCI7YToyOntzOjM6Im9sZCI7YTowOnt9czozOiJuZXciO2E6MDp7fX1zOjUwOiJsb2dpbl93ZWJfNTliYTM2YWRkYzJiMmY5NDAxNTgwZjAxNGM3ZjU4ZWE0ZTMwOTg5ZCI7aToxO3M6MjE6InBhc3N3b3JkX2hhc2hfc2FuY3R1bSI7czo2NDoiYjRjOTgwYmFhZmY3M2Q0ODExNWU3ZDljMDVkZTBhZmZhZWVjZDE5Yzk0NDNlMTk2YjE2OGNkZDRkMDA1MDdhNCI7fQ==', 1778138734);

-- --------------------------------------------------------

--
-- Estructura de tabla para la tabla `users`
--

CREATE TABLE `users` (
  `id` bigint(20) UNSIGNED NOT NULL,
  `name` varchar(255) NOT NULL,
  `email` varchar(255) NOT NULL,
  `email_verified_at` timestamp NULL DEFAULT NULL,
  `password` varchar(255) NOT NULL,
  `two_factor_secret` text DEFAULT NULL,
  `two_factor_recovery_codes` text DEFAULT NULL,
  `two_factor_confirmed_at` timestamp NULL DEFAULT NULL,
  `id_number` varchar(255) NOT NULL,
  `phone` varchar(255) NOT NULL,
  `address` varchar(255) NOT NULL,
  `remember_token` varchar(100) DEFAULT NULL,
  `current_team_id` bigint(20) UNSIGNED DEFAULT NULL,
  `profile_photo_path` varchar(2048) DEFAULT NULL,
  `created_at` timestamp NULL DEFAULT NULL,
  `updated_at` timestamp NULL DEFAULT NULL
) ENGINE=InnoDB DEFAULT CHARSET=utf8mb4 COLLATE=utf8mb4_unicode_ci;

--
-- Volcado de datos para la tabla `users`
--

INSERT INTO `users` (`id`, `name`, `email`, `email_verified_at`, `password`, `two_factor_secret`, `two_factor_recovery_codes`, `two_factor_confirmed_at`, `id_number`, `phone`, `address`, `remember_token`, `current_team_id`, `profile_photo_path`, `created_at`, `updated_at`) VALUES
(1, 'Test User', 'test@test.com', '2026-03-25 16:28:28', '$2y$12$yKdFNnCmjFAOfF9UHrBcLuUs9dXIeIpYhxo4QD4lRaxGpVg9XtMXa', NULL, NULL, NULL, '123456789', '999999999', 'Test Address', 'fNp41eJZas', NULL, NULL, '2026-03-25 16:28:28', '2026-03-25 16:28:28'),
(2, 'Paciente Prueba', 'prueba0123@gmail.com', NULL, '$2y$12$7igygXnskSkdxX2tUzYzqe5jEiSmLYOulNbmzqtaLKG46ovQLduSG', NULL, NULL, NULL, '123456', '12321321', 'c 123', NULL, NULL, NULL, '2026-03-25 16:30:24', '2026-03-25 16:30:24'),
(3, 'Paciente Prueba', 'prueba01235@gmail.com', NULL, '$2y$12$H12MgVil9dQNjRZ7yAx5oerlDc773eE4nw3wUw//YiEKsNxIMJgDG', NULL, NULL, NULL, '12345621312', '12321321', 'c 123', NULL, NULL, NULL, '2026-03-25 16:34:05', '2026-03-25 16:34:05'),
(4, 'jabib kaboom', 'prueba01232131@gmail.com', NULL, '$2y$12$7Qk.np7LzSemnqJt0JazWOKl4f1XsSeMF.PmBFpNRQqDlD2nE7Vpa', NULL, NULL, NULL, '123124214', '12321321', 'c 123', NULL, NULL, NULL, '2026-03-25 16:50:26', '2026-03-25 16:50:26'),
(5, 'Dr. Carlos Perez', 'temp_swap@example.com', NULL, '$2y$12$tF/y11MwKzX5AiNB0cBKfuvgPQY4dYtohXlLoWwuzJM7p1JJQ1toa', NULL, NULL, NULL, '30000001', '33333333', 'Av. Principal 123', NULL, NULL, NULL, '2026-05-06 16:14:03', '2026-05-08 18:39:09'),
(6, 'Dra. Ana Gomez', 'ana@test.com', NULL, '$2y$12$xYHW2MLJWoG/ry2TcZrlJ.VeGVOzbX.Ai2nb8VFHyQ3tajaDDmq0S', NULL, NULL, NULL, '30000002', '33333333', 'Av. Principal 123', NULL, NULL, NULL, '2026-05-06 16:14:03', '2026-05-06 16:39:19'),
(7, 'Dr. Luis Torres', 'luis@test.com', NULL, '$2y$12$TXfFEj3mFECpyWZpCu6JZeJLHbQYtrvEmxFnNZgPzii53UD3TOf6S', NULL, NULL, NULL, '30000003', '33333333', 'Av. Principal 123', NULL, NULL, NULL, '2026-05-06 16:14:04', '2026-05-06 16:39:19'),
(8, 'Dra. Maria Lopez', 'maria@test.com', NULL, '$2y$12$SOKRUMcqkGdvocWaMaBlgeTxg1k6s6tUYcOLOa22P/XevkVdt.y.q', NULL, NULL, NULL, '30000004', '33333334', 'Av. Principal 123', NULL, NULL, NULL, '2026-05-06 16:14:04', '2026-05-06 16:39:20'),
(9, 'Dr. Jorge Rodriguez', 'jorge@test.com', NULL, '$2y$12$In81.oq4Y15mV5Fe1Mreoe7ncJe2gY3EcB64eyokKy.C7vLbenCJO', NULL, NULL, NULL, '30000005', '33333335', 'Av. Principal 123', NULL, NULL, NULL, '2026-05-06 16:14:04', '2026-05-06 16:39:20'),
(10, 'Doctor Demo 1', 'doctor1@demo.com', NULL, '$2y$12$MqI6.AmUwvSUTRRMcHciFOU1gx.hcjm/75d1u3N1hbQ9FLXtfeL7G', NULL, NULL, NULL, '50000001', '600000001', 'Av. Principal 123', NULL, NULL, NULL, '2026-05-06 16:14:38', '2026-05-06 16:39:21'),
(11, 'Doctor Demo 2', 'doctor2@demo.com', NULL, '$2y$12$Z2pZzfvE7k1njsKW6Yk/VOMeSR4oUikYQnp/GYlJoCLBEEjYb1pZ.', NULL, NULL, NULL, '50000002', '600000002', 'Av. Principal 123', NULL, NULL, NULL, '2026-05-06 16:14:38', '2026-05-06 16:39:21'),
(12, 'Doctor Demo 3', 'doctor3@demo.com', NULL, '$2y$12$Jj.qK/GBusmSTfQI7HDUKOlQHfTps5ge313V3pmxLLtndz1n5239y', NULL, NULL, NULL, '50000003', '600000003', 'Av. Principal 123', NULL, NULL, NULL, '2026-05-06 16:14:39', '2026-05-06 16:39:22'),
(13, 'Doctor Demo 4', 'doctor4@demo.com', NULL, '$2y$12$SvKSl2LtplIPVP.9/i2rweckp2f7088RHFUvmgOhN.M2RS13j8dIm', NULL, NULL, NULL, '50000004', '600000004', 'Av. Principal 123', NULL, NULL, NULL, '2026-05-06 16:14:39', '2026-05-06 16:39:22'),
(14, 'Doctor Demo 5', 'doctor5@demo.com', NULL, '$2y$12$iPgFGXwsIHGH6T7z98zVEuJ3hnZQ2khkUnywpePXqNfHgBdFQ4efG', NULL, NULL, NULL, '50000005', '600000005', 'Av. Principal 123', NULL, NULL, NULL, '2026-05-06 16:14:39', '2026-05-06 16:39:23'),
(15, 'Dr. Jesús Mutul (Test)', 'agustinopecho@gmail.com', NULL, '$2y$12$bndVfEpxbusmpq0OMhyqaOMe3B5NHSoYrvnuf5a8.fQklR/lVzf7u', NULL, NULL, NULL, '99999999', '9991234567', 'Clínica de Pruebas', NULL, NULL, NULL, '2026-05-08 16:49:14', '2026-05-08 18:40:24'),
(17, 'Jesús Mutul (Paciente Test)', 'jesusmutul15@gmail.com', NULL, '$2y$12$UViFdmhZB4QTHH6vxpkBo.DDC106/7Cx.yH8Rr3AOajCnvHHVj6Ze', NULL, NULL, NULL, '88888888', '9996150536', 'Casa de Pruebas', NULL, NULL, NULL, '2026-05-08 16:50:53', '2026-05-08 18:40:24');

--
-- Índices para tablas volcadas
--

--
-- Indices de la tabla `appointments`
--
ALTER TABLE `appointments`
  ADD PRIMARY KEY (`id`),
  ADD KEY `appointments_patient_id_foreign` (`patient_id`),
  ADD KEY `appointments_doctor_id_foreign` (`doctor_id`);

--
-- Indices de la tabla `blood_types`
--
ALTER TABLE `blood_types`
  ADD PRIMARY KEY (`id`),
  ADD UNIQUE KEY `blood_types_name_unique` (`name`);

--
-- Indices de la tabla `cache`
--
ALTER TABLE `cache`
  ADD PRIMARY KEY (`key`),
  ADD KEY `cache_expiration_index` (`expiration`);

--
-- Indices de la tabla `cache_locks`
--
ALTER TABLE `cache_locks`
  ADD PRIMARY KEY (`key`),
  ADD KEY `cache_locks_expiration_index` (`expiration`);

--
-- Indices de la tabla `consultations`
--
ALTER TABLE `consultations`
  ADD PRIMARY KEY (`id`),
  ADD KEY `consultations_appointment_id_foreign` (`appointment_id`);

--
-- Indices de la tabla `doctors`
--
ALTER TABLE `doctors`
  ADD PRIMARY KEY (`id`),
  ADD KEY `doctors_user_id_foreign` (`user_id`);

--
-- Indices de la tabla `doctor_schedules`
--
ALTER TABLE `doctor_schedules`
  ADD PRIMARY KEY (`id`),
  ADD KEY `doctor_schedules_doctor_id_foreign` (`doctor_id`);

--
-- Indices de la tabla `failed_jobs`
--
ALTER TABLE `failed_jobs`
  ADD PRIMARY KEY (`id`),
  ADD UNIQUE KEY `failed_jobs_uuid_unique` (`uuid`);

--
-- Indices de la tabla `jobs`
--
ALTER TABLE `jobs`
  ADD PRIMARY KEY (`id`),
  ADD KEY `jobs_queue_index` (`queue`);

--
-- Indices de la tabla `job_batches`
--
ALTER TABLE `job_batches`
  ADD PRIMARY KEY (`id`);

--
-- Indices de la tabla `migrations`
--
ALTER TABLE `migrations`
  ADD PRIMARY KEY (`id`);

--
-- Indices de la tabla `model_has_permissions`
--
ALTER TABLE `model_has_permissions`
  ADD PRIMARY KEY (`permission_id`,`model_id`,`model_type`),
  ADD KEY `model_has_permissions_model_id_model_type_index` (`model_id`,`model_type`);

--
-- Indices de la tabla `model_has_roles`
--
ALTER TABLE `model_has_roles`
  ADD PRIMARY KEY (`role_id`,`model_id`,`model_type`),
  ADD KEY `model_has_roles_model_id_model_type_index` (`model_id`,`model_type`);

--
-- Indices de la tabla `password_reset_tokens`
--
ALTER TABLE `password_reset_tokens`
  ADD PRIMARY KEY (`email`);

--
-- Indices de la tabla `patients`
--
ALTER TABLE `patients`
  ADD PRIMARY KEY (`id`),
  ADD KEY `patients_user_id_foreign` (`user_id`),
  ADD KEY `patients_blood_type_id_foreign` (`blood_type_id`);

--
-- Indices de la tabla `permissions`
--
ALTER TABLE `permissions`
  ADD PRIMARY KEY (`id`),
  ADD UNIQUE KEY `permissions_name_guard_name_unique` (`name`,`guard_name`);

--
-- Indices de la tabla `personal_access_tokens`
--
ALTER TABLE `personal_access_tokens`
  ADD PRIMARY KEY (`id`),
  ADD UNIQUE KEY `personal_access_tokens_token_unique` (`token`),
  ADD KEY `personal_access_tokens_tokenable_type_tokenable_id_index` (`tokenable_type`,`tokenable_id`),
  ADD KEY `personal_access_tokens_expires_at_index` (`expires_at`);

--
-- Indices de la tabla `prescriptions`
--
ALTER TABLE `prescriptions`
  ADD PRIMARY KEY (`id`),
  ADD KEY `prescriptions_consultation_id_foreign` (`consultation_id`);

--
-- Indices de la tabla `roles`
--
ALTER TABLE `roles`
  ADD PRIMARY KEY (`id`),
  ADD UNIQUE KEY `roles_name_guard_name_unique` (`name`,`guard_name`);

--
-- Indices de la tabla `role_has_permissions`
--
ALTER TABLE `role_has_permissions`
  ADD PRIMARY KEY (`permission_id`,`role_id`),
  ADD KEY `role_has_permissions_role_id_foreign` (`role_id`);

--
-- Indices de la tabla `sessions`
--
ALTER TABLE `sessions`
  ADD PRIMARY KEY (`id`),
  ADD KEY `sessions_user_id_index` (`user_id`),
  ADD KEY `sessions_last_activity_index` (`last_activity`);

--
-- Indices de la tabla `users`
--
ALTER TABLE `users`
  ADD PRIMARY KEY (`id`),
  ADD UNIQUE KEY `users_email_unique` (`email`);

--
-- AUTO_INCREMENT de las tablas volcadas
--

--
-- AUTO_INCREMENT de la tabla `appointments`
--
ALTER TABLE `appointments`
  MODIFY `id` bigint(20) UNSIGNED NOT NULL AUTO_INCREMENT, AUTO_INCREMENT=37;

--
-- AUTO_INCREMENT de la tabla `blood_types`
--
ALTER TABLE `blood_types`
  MODIFY `id` bigint(20) UNSIGNED NOT NULL AUTO_INCREMENT, AUTO_INCREMENT=9;

--
-- AUTO_INCREMENT de la tabla `consultations`
--
ALTER TABLE `consultations`
  MODIFY `id` bigint(20) UNSIGNED NOT NULL AUTO_INCREMENT, AUTO_INCREMENT=9;

--
-- AUTO_INCREMENT de la tabla `doctors`
--
ALTER TABLE `doctors`
  MODIFY `id` bigint(20) UNSIGNED NOT NULL AUTO_INCREMENT, AUTO_INCREMENT=12;

--
-- AUTO_INCREMENT de la tabla `doctor_schedules`
--
ALTER TABLE `doctor_schedules`
  MODIFY `id` bigint(20) UNSIGNED NOT NULL AUTO_INCREMENT, AUTO_INCREMENT=747;

--
-- AUTO_INCREMENT de la tabla `failed_jobs`
--
ALTER TABLE `failed_jobs`
  MODIFY `id` bigint(20) UNSIGNED NOT NULL AUTO_INCREMENT, AUTO_INCREMENT=8;

--
-- AUTO_INCREMENT de la tabla `jobs`
--
ALTER TABLE `jobs`
  MODIFY `id` bigint(20) UNSIGNED NOT NULL AUTO_INCREMENT, AUTO_INCREMENT=25;

--
-- AUTO_INCREMENT de la tabla `migrations`
--
ALTER TABLE `migrations`
  MODIFY `id` int(10) UNSIGNED NOT NULL AUTO_INCREMENT, AUTO_INCREMENT=14;

--
-- AUTO_INCREMENT de la tabla `patients`
--
ALTER TABLE `patients`
  MODIFY `id` bigint(20) UNSIGNED NOT NULL AUTO_INCREMENT, AUTO_INCREMENT=6;

--
-- AUTO_INCREMENT de la tabla `permissions`
--
ALTER TABLE `permissions`
  MODIFY `id` bigint(20) UNSIGNED NOT NULL AUTO_INCREMENT;

--
-- AUTO_INCREMENT de la tabla `personal_access_tokens`
--
ALTER TABLE `personal_access_tokens`
  MODIFY `id` bigint(20) UNSIGNED NOT NULL AUTO_INCREMENT;

--
-- AUTO_INCREMENT de la tabla `prescriptions`
--
ALTER TABLE `prescriptions`
  MODIFY `id` bigint(20) UNSIGNED NOT NULL AUTO_INCREMENT, AUTO_INCREMENT=15;

--
-- AUTO_INCREMENT de la tabla `roles`
--
ALTER TABLE `roles`
  MODIFY `id` bigint(20) UNSIGNED NOT NULL AUTO_INCREMENT, AUTO_INCREMENT=6;

--
-- AUTO_INCREMENT de la tabla `users`
--
ALTER TABLE `users`
  MODIFY `id` bigint(20) UNSIGNED NOT NULL AUTO_INCREMENT, AUTO_INCREMENT=18;

--
-- Restricciones para tablas volcadas
--

--
-- Filtros para la tabla `appointments`
--
ALTER TABLE `appointments`
  ADD CONSTRAINT `appointments_doctor_id_foreign` FOREIGN KEY (`doctor_id`) REFERENCES `doctors` (`id`) ON DELETE CASCADE,
  ADD CONSTRAINT `appointments_patient_id_foreign` FOREIGN KEY (`patient_id`) REFERENCES `patients` (`id`) ON DELETE CASCADE;

--
-- Filtros para la tabla `consultations`
--
ALTER TABLE `consultations`
  ADD CONSTRAINT `consultations_appointment_id_foreign` FOREIGN KEY (`appointment_id`) REFERENCES `appointments` (`id`) ON DELETE CASCADE;

--
-- Filtros para la tabla `doctors`
--
ALTER TABLE `doctors`
  ADD CONSTRAINT `doctors_user_id_foreign` FOREIGN KEY (`user_id`) REFERENCES `users` (`id`) ON DELETE CASCADE;

--
-- Filtros para la tabla `doctor_schedules`
--
ALTER TABLE `doctor_schedules`
  ADD CONSTRAINT `doctor_schedules_doctor_id_foreign` FOREIGN KEY (`doctor_id`) REFERENCES `doctors` (`id`) ON DELETE CASCADE;

--
-- Filtros para la tabla `model_has_permissions`
--
ALTER TABLE `model_has_permissions`
  ADD CONSTRAINT `model_has_permissions_permission_id_foreign` FOREIGN KEY (`permission_id`) REFERENCES `permissions` (`id`) ON DELETE CASCADE;

--
-- Filtros para la tabla `model_has_roles`
--
ALTER TABLE `model_has_roles`
  ADD CONSTRAINT `model_has_roles_role_id_foreign` FOREIGN KEY (`role_id`) REFERENCES `roles` (`id`) ON DELETE CASCADE;

--
-- Filtros para la tabla `patients`
--
ALTER TABLE `patients`
  ADD CONSTRAINT `patients_blood_type_id_foreign` FOREIGN KEY (`blood_type_id`) REFERENCES `blood_types` (`id`) ON DELETE SET NULL,
  ADD CONSTRAINT `patients_user_id_foreign` FOREIGN KEY (`user_id`) REFERENCES `users` (`id`) ON DELETE CASCADE;

--
-- Filtros para la tabla `prescriptions`
--
ALTER TABLE `prescriptions`
  ADD CONSTRAINT `prescriptions_consultation_id_foreign` FOREIGN KEY (`consultation_id`) REFERENCES `consultations` (`id`) ON DELETE CASCADE;

--
-- Filtros para la tabla `role_has_permissions`
--
ALTER TABLE `role_has_permissions`
  ADD CONSTRAINT `role_has_permissions_permission_id_foreign` FOREIGN KEY (`permission_id`) REFERENCES `permissions` (`id`) ON DELETE CASCADE,
  ADD CONSTRAINT `role_has_permissions_role_id_foreign` FOREIGN KEY (`role_id`) REFERENCES `roles` (`id`) ON DELETE CASCADE;
COMMIT;

/*!40101 SET CHARACTER_SET_CLIENT=@OLD_CHARACTER_SET_CLIENT */;
/*!40101 SET CHARACTER_SET_RESULTS=@OLD_CHARACTER_SET_RESULTS */;
/*!40101 SET COLLATION_CONNECTION=@OLD_COLLATION_CONNECTION */;
